0,1,"1970-01-01 00:00:01","2038-01-01 00:00:00",0,"Sem Parlamentar","    "
1,1,"1970-01-01 00:00:00","2037-12-31 23:59:59",11,"ADALBERTO CAVALCANTI","INDIVIDUAL"
2,1,"1970-01-01 00:00:00","2037-12-31 23:59:59",13,"ADELSON BARRETO","INDIVIDUAL"
3,1,"1970-01-01 00:00:00","2037-12-31 23:59:59",14,"ADEMIR CAMILO","INDIVIDUAL"
4,1,"1970-01-01 00:00:00","2037-12-31 23:59:59",17,"ADRIAN","INDIVIDUAL"
5,1,"1970-01-01 00:00:00","2037-12-31 23:59:59",20,"AECIO NEVES","INDIVIDUAL"
6,1,"1970-01-01 00:00:00","2037-12-31 23:59:59",29,"AIRTON TREVIZANI DA ROSA","INDIVIDUAL"
7,1,"1970-01-01 00:00:00","2037-12-31 23:59:59",32,"ALBANO FRANCO","INDIVIDUAL"
8,1,"1970-01-01 00:00:00","2037-12-31 23:59:59",34,"ALBERTO FRAGA","INDIVIDUAL"
9,1,"1970-01-01 00:00:00","2037-12-31 23:59:59",36,"ALCEU MOREIRA","INDIVIDUAL"
10,1,"1970-01-01 00:00:00","2037-12-31 23:59:59",38,"ALDO REBELO","INDIVIDUAL"
11,1,"1970-01-01 00:00:00","2037-12-31 23:59:59",40,"ALENCAR SANTANA BRAGA","INDIVIDUAL"
12,1,"1970-01-01 00:00:00","2037-12-31 23:59:59",41,"ALESSANDRO MOLON","INDIVIDUAL"
13,1,"1970-01-01 00:00:00","2037-12-31 23:59:59",44,"ALEX MANENTE","INDIVIDUAL"
14,1,"1970-01-01 00:00:00","2037-12-31 23:59:59",45,"ALEX SANTANA","INDIVIDUAL"
15,1,"1970-01-01 00:00:00","2037-12-31 23:59:59",49,"ALEXANDRE LEITE","INDIVIDUAL"
16,1,"1970-01-01 00:00:00","2037-12-31 23:59:59",50,"ALEXANDRE PADILHA","INDIVIDUAL"
17,1,"1970-01-01 00:00:00","2037-12-31 23:59:59",52,"ALEXANDRE SANTOS","INDIVIDUAL"
18,1,"1970-01-01 00:00:00","2037-12-31 23:59:59",58,"ALFREDO KAEFER","INDIVIDUAL"
19,1,"1970-01-01 00:00:00","2037-12-31 23:59:59",60,"ALFREDO SIRKIS","INDIVIDUAL"
20,1,"1970-01-01 00:00:00","2037-12-31 23:59:59",62,"ALIEL MACHADO","INDIVIDUAL"
21,1,"1970-01-01 00:00:00","2037-12-31 23:59:59",63,"ALINE CORREA","INDIVIDUAL"
22,1,"1970-01-01 00:00:00","2037-12-31 23:59:59",65,"ALINE SLEUTJES","INDIVIDUAL"
23,1,"1970-01-01 00:00:00","2037-12-31 23:59:59",69,"ALOYSIO NUNES FERREIRA","INDIVIDUAL"
24,1,"1970-01-01 00:00:00","2037-12-31 23:59:59",70,"ALTINEU CORTES","INDIVIDUAL"
25,1,"1970-01-01 00:00:00","2037-12-31 23:59:59",71,"ALUISIO MENDES","INDIVIDUAL"
26,1,"1970-01-01 00:00:00","2037-12-31 23:59:59",72,"ALVARO DIAS","INDIVIDUAL"
27,1,"1970-01-01 00:00:00","2037-12-31 23:59:59",79,"ANDERSON FERREIRA","INDIVIDUAL"
28,1,"1970-01-01 00:00:00","2037-12-31 23:59:59",81,"ANDRE ABDON","INDIVIDUAL"
29,1,"1970-01-01 00:00:00","2037-12-31 23:59:59",82,"ANDRE AMARAL","INDIVIDUAL"
30,1,"1970-01-01 00:00:00","2037-12-31 23:59:59",85,"ANDRE FERREIRA","INDIVIDUAL"
31,1,"1970-01-01 00:00:00","2037-12-31 23:59:59",86,"ANDRE FIGUEIREDO","INDIVIDUAL"
32,1,"1970-01-01 00:00:00","2037-12-31 23:59:59",87,"ANDRE FUFUCA","INDIVIDUAL"
33,1,"1970-01-01 00:00:00","2037-12-31 23:59:59",88,"ANDRE JANONES","INDIVIDUAL"
34,1,"1970-01-01 00:00:00","2037-12-31 23:59:59",91,"ANDREIA  ZITO","INDIVIDUAL"
35,1,"1970-01-01 00:00:00","2037-12-31 23:59:59",94,"ANGELA MARIA GOMES PORTELA","INDIVIDUAL"
36,1,"1970-01-01 00:00:00","2037-12-31 23:59:59",97,"ANGELO AGNOLIN","INDIVIDUAL"
37,1,"1970-01-01 00:00:00","2037-12-31 23:59:59",98,"ANGELO CORONEL","INDIVIDUAL"
38,1,"1970-01-01 00:00:00","2037-12-31 23:59:59",99,"ANGELO VANHONI","INDIVIDUAL"
39,1,"1970-01-01 00:00:00","2037-12-31 23:59:59",101,"ANIBAL GOMES","INDIVIDUAL"
40,1,"1970-01-01 00:00:00","2037-12-31 23:59:59",103,"ANTHONY GAROTINHO","INDIVIDUAL"
41,1,"1970-01-01 00:00:00","2037-12-31 23:59:59",108,"ANTONIO BALHMANN","INDIVIDUAL"
42,1,"1970-01-01 00:00:00","2037-12-31 23:59:59",109,"ANTONIO BRITO","INDIVIDUAL"
43,1,"1970-01-01 00:00:00","2037-12-31 23:59:59",110,"ANTONIO BULHOES","INDIVIDUAL"
44,1,"1970-01-01 00:00:00","2037-12-31 23:59:59",114,"ANTONIO CARLOS MENDES THAME","INDIVIDUAL"
45,1,"1970-01-01 00:00:00","2037-12-31 23:59:59",116,"ANTONIO CARLOS VALADARES","INDIVIDUAL"
46,1,"1970-01-01 00:00:00","2037-12-31 23:59:59",117,"ANTONIO IMBASSAHY","INDIVIDUAL"
47,1,"1970-01-01 00:00:00","2037-12-31 23:59:59",118,"ANTONIO JACOME","INDIVIDUAL"
48,1,"1970-01-01 00:00:00","2037-12-31 23:59:59",121,"ANTONIO ROBERTO","INDIVIDUAL"
49,1,"1970-01-01 00:00:00","2037-12-31 23:59:59",124,"ARIOSTO HOLANDA","INDIVIDUAL"
50,1,"1970-01-01 00:00:00","2037-12-31 23:59:59",125,"ARLINDO CHINAGLIA","INDIVIDUAL"
51,1,"1970-01-01 00:00:00","2037-12-31 23:59:59",126,"ARMANDO MONTEIRO","INDIVIDUAL"
52,1,"1970-01-01 00:00:00","2037-12-31 23:59:59",128,"ARNALDO FARIA DE SA","INDIVIDUAL"
53,1,"1970-01-01 00:00:00","2037-12-31 23:59:59",129,"ARNALDO JARDIM","INDIVIDUAL"
54,1,"1970-01-01 00:00:00","2037-12-31 23:59:59",133,"AROLDO MARTINS","INDIVIDUAL"
55,1,"1970-01-01 00:00:00","2037-12-31 23:59:59",134,"ARTHUR LIRA","INDIVIDUAL"
56,1,"1970-01-01 00:00:00","2037-12-31 23:59:59",136,"ARTHUR VIRGILIO BISNETO","INDIVIDUAL"
57,1,"1970-01-01 00:00:00","2037-12-31 23:59:59",138,"ASDRUBAL BENTES","INDIVIDUAL"
58,1,"1970-01-01 00:00:00","2037-12-31 23:59:59",140,"ASSIS DO COUTO","INDIVIDUAL"
59,1,"1970-01-01 00:00:00","2037-12-31 23:59:59",143,"ATILA LINS","INDIVIDUAL"
60,1,"1970-01-01 00:00:00","2037-12-31 23:59:59",145,"AUDIFAX","INDIVIDUAL"
61,1,"1970-01-01 00:00:00","2037-12-31 23:59:59",149,"AUREO RIBEIRO","INDIVIDUAL"
62,1,"1970-01-01 00:00:00","2037-12-31 23:59:59",150,"BACELAR","INDIVIDUAL"
63,1,"1970-01-01 00:00:00","2037-12-31 23:59:59",151,"BALEIA ROSSI","INDIVIDUAL"
64,1,"1970-01-01 00:00:00","2037-12-31 23:59:59",152,"BANCADA DA BAHIA","BANCADA"
65,1,"1970-01-01 00:00:00","2037-12-31 23:59:59",154,"BANCADA DE ALAGOAS","BANCADA"
66,1,"1970-01-01 00:00:00","2037-12-31 23:59:59",157,"BANCADA DE PERNAMBUCO","BANCADA"
67,1,"1970-01-01 00:00:00","2037-12-31 23:59:59",160,"BANCADA DE SANTA CATARINA","BANCADA"
68,1,"1970-01-01 00:00:00","2037-12-31 23:59:59",165,"BANCADA DO AMAPA","BANCADA"
69,1,"1970-01-01 00:00:00","2037-12-31 23:59:59",166,"BANCADA DO AMAZONAS","BANCADA"
70,1,"1970-01-01 00:00:00","2037-12-31 23:59:59",167,"BANCADA DO CEARA","BANCADA"
71,1,"1970-01-01 00:00:00","2037-12-31 23:59:59",170,"BANCADA DO MARANHAO","BANCADA"
72,1,"1970-01-01 00:00:00","2037-12-31 23:59:59",172,"BANCADA DO MATO GROSSO DO SUL","BANCADA"
73,1,"1970-01-01 00:00:00","2037-12-31 23:59:59",174,"BANCADA DO PARANA","BANCADA"
74,1,"1970-01-01 00:00:00","2037-12-31 23:59:59",175,"BANCADA DO PIAUI","BANCADA"
75,1,"1970-01-01 00:00:00","2037-12-31 23:59:59",178,"BANCADA DO RIO GRANDE DO SUL","BANCADA"
76,1,"1970-01-01 00:00:00","2037-12-31 23:59:59",179,"BEBETO","INDIVIDUAL"
77,1,"1970-01-01 00:00:00","2037-12-31 23:59:59",183,"BENES LEOCADIO","INDIVIDUAL"
78,1,"1970-01-01 00:00:00","2037-12-31 23:59:59",187,"BERNARDO SANTANA DE VASCONCELLOS","INDIVIDUAL"
79,1,"1970-01-01 00:00:00","2037-12-31 23:59:59",188,"BETINHO GOMES","INDIVIDUAL"
80,1,"1970-01-01 00:00:00","2037-12-31 23:59:59",189,"BETINHO ROSADO","INDIVIDUAL"
81,1,"1970-01-01 00:00:00","2037-12-31 23:59:59",190,"BETO ALBUQUERQUE","INDIVIDUAL"
82,1,"1970-01-01 00:00:00","2037-12-31 23:59:59",191,"BETO FARO","INDIVIDUAL"
83,1,"1970-01-01 00:00:00","2037-12-31 23:59:59",195,"BETO SALAME","INDIVIDUAL"
84,1,"1970-01-01 00:00:00","2037-12-31 23:59:59",196,"BIA CAVASSA","INDIVIDUAL"
85,1,"1970-01-01 00:00:00","2037-12-31 23:59:59",200,"BILAC PINTO","INDIVIDUAL"
86,1,"1970-01-01 00:00:00","2037-12-31 23:59:59",201,"BIRA DO PINDARE","INDIVIDUAL"
87,1,"1970-01-01 00:00:00","2037-12-31 23:59:59",203,"BLAIRO MAGGI","INDIVIDUAL"
88,1,"1970-01-01 00:00:00","2037-12-31 23:59:59",204,"BOCA ABERTA","INDIVIDUAL"
89,1,"1970-01-01 00:00:00","2037-12-31 23:59:59",205,"BOHN GASS","INDIVIDUAL"
90,1,"1970-01-01 00:00:00","2037-12-31 23:59:59",206,"BONIFACIO DE ANDRADA","INDIVIDUAL"
91,1,"1970-01-01 00:00:00","2037-12-31 23:59:59",209,"BRUNNY","INDIVIDUAL"
92,1,"1970-01-01 00:00:00","2037-12-31 23:59:59",210,"BRUNO ARAUJO","INDIVIDUAL"
93,1,"1970-01-01 00:00:00","2037-12-31 23:59:59",211,"BRUNO COVAS","INDIVIDUAL"
94,1,"1970-01-01 00:00:00","2037-12-31 23:59:59",212,"CABO DACIOLO","INDIVIDUAL"
95,1,"1970-01-01 00:00:00","2037-12-31 23:59:59",213,"CABO JUNIO AMARAL","INDIVIDUAL"
96,1,"1970-01-01 00:00:00","2037-12-31 23:59:59",214,"CABO SABINO","INDIVIDUAL"
97,1,"1970-01-01 00:00:00","2037-12-31 23:59:59",215,"CABUCU BORGES","INDIVIDUAL"
98,1,"1970-01-01 00:00:00","2037-12-31 23:59:59",216,"CACA LEAO","INDIVIDUAL"
99,1,"1970-01-01 00:00:00","2037-12-31 23:59:59",217,"CAETANO","INDIVIDUAL"
100,1,"1970-01-01 00:00:00","2037-12-31 23:59:59",218,"CAIO NARCIO","INDIVIDUAL"
101,1,"1970-01-01 00:00:00","2037-12-31 23:59:59",219,"CAJAR NARDES","INDIVIDUAL"
102,1,"1970-01-01 00:00:00","2037-12-31 23:59:59",220,"CAMILO CAPIBERIBE","INDIVIDUAL"
103,1,"1970-01-01 00:00:00","2037-12-31 23:59:59",221,"CAMILO COLA","INDIVIDUAL"
104,1,"1970-01-01 00:00:00","2037-12-31 23:59:59",222,"CANDIDO VACCAREZZA","INDIVIDUAL"
105,1,"1970-01-01 00:00:00","2037-12-31 23:59:59",224,"CAPITAO AUGUSTO","INDIVIDUAL"
106,1,"1970-01-01 00:00:00","2037-12-31 23:59:59",228,"CARLA ZAMBELLI","INDIVIDUAL"
107,1,"1970-01-01 00:00:00","2037-12-31 23:59:59",230,"CARLINHOS DE ALMEIDA","INDIVIDUAL"
108,1,"1970-01-01 00:00:00","2037-12-31 23:59:59",231,"CARLOS ALBERTO LEREIA","INDIVIDUAL"
109,1,"1970-01-01 00:00:00","2037-12-31 23:59:59",233,"CARLOS BEZERRA","INDIVIDUAL"
110,1,"1970-01-01 00:00:00","2037-12-31 23:59:59",234,"CARLOS BRANDAO","INDIVIDUAL"
111,1,"1970-01-01 00:00:00","2037-12-31 23:59:59",236,"CARLOS EDUARDO CADOCA","INDIVIDUAL"
112,1,"1970-01-01 00:00:00","2037-12-31 23:59:59",238,"CARLOS GOMES","INDIVIDUAL"
113,1,"1970-01-01 00:00:00","2037-12-31 23:59:59",240,"CARLOS JORDY","INDIVIDUAL"
114,1,"1970-01-01 00:00:00","2037-12-31 23:59:59",241,"CARLOS MAGNO","INDIVIDUAL"
115,1,"1970-01-01 00:00:00","2037-12-31 23:59:59",243,"CARLOS MARUN","INDIVIDUAL"
116,1,"1970-01-01 00:00:00","2037-12-31 23:59:59",244,"CARLOS MELLES","INDIVIDUAL"
117,1,"1970-01-01 00:00:00","2037-12-31 23:59:59",247,"CARLOS SAMPAIO","INDIVIDUAL"
118,1,"1970-01-01 00:00:00","2037-12-31 23:59:59",248,"CARLOS SOUZA","INDIVIDUAL"
119,1,"1970-01-01 00:00:00","2037-12-31 23:59:59",249,"CARLOS VERAS","INDIVIDUAL"
120,1,"1970-01-01 00:00:00","2037-12-31 23:59:59",252,"CARLOS ZARATTINI","INDIVIDUAL"
121,1,"1970-01-01 00:00:00","2037-12-31 23:59:59",256,"CASSIO ANDRADE","INDIVIDUAL"
122,1,"1970-01-01 00:00:00","2037-12-31 23:59:59",258,"CASSIO TANIGUCHI","INDIVIDUAL"
123,1,"1970-01-01 00:00:00","2037-12-31 23:59:59",261,"CELIO SILVEIRA","INDIVIDUAL"
124,1,"1970-01-01 00:00:00","2037-12-31 23:59:59",262,"CELIO STUDART","INDIVIDUAL"
125,1,"1970-01-01 00:00:00","2037-12-31 23:59:59",264,"CELSO MALDANER","INDIVIDUAL"
126,1,"1970-01-01 00:00:00","2037-12-31 23:59:59",266,"CELSO RUSSOMANNO","INDIVIDUAL"
127,1,"1970-01-01 00:00:00","2037-12-31 23:59:59",270,"CESAR MESSIAS","INDIVIDUAL"
128,1,"1970-01-01 00:00:00","2037-12-31 23:59:59",273,"CEZINHA DE MADUREIRA","INDIVIDUAL"
129,1,"1970-01-01 00:00:00","2037-12-31 23:59:59",274,"CHARLES FERNANDES","INDIVIDUAL"
130,1,"1970-01-01 00:00:00","2037-12-31 23:59:59",275,"CHARLES LUCENA","INDIVIDUAL"
131,1,"1970-01-01 00:00:00","2037-12-31 23:59:59",276,"CHARLLES EVANGELISTA","INDIVIDUAL"
132,1,"1970-01-01 00:00:00","2037-12-31 23:59:59",277,"CHICO ALENCAR","INDIVIDUAL"
133,1,"1970-01-01 00:00:00","2037-12-31 23:59:59",279,"CHICO DA PRINCESA","INDIVIDUAL"
134,1,"1970-01-01 00:00:00","2037-12-31 23:59:59",280,"CHICO DAS VERDURAS","INDIVIDUAL"
135,1,"1970-01-01 00:00:00","2037-12-31 23:59:59",281,"CHICO LOPES","INDIVIDUAL"
136,1,"1970-01-01 00:00:00","2037-12-31 23:59:59",283,"CHIQUINHO BRAZAO","INDIVIDUAL"
137,1,"1970-01-01 00:00:00","2037-12-31 23:59:59",284,"CHRIS TONIETTO","INDIVIDUAL"
138,1,"1970-01-01 00:00:00","2037-12-31 23:59:59",285,"CHRISTIANE DE SOUZA YARED","INDIVIDUAL"
139,1,"1970-01-01 00:00:00","2037-12-31 23:59:59",286,"CHRISTINO AUREO","INDIVIDUAL"
140,1,"1970-01-01 00:00:00","2037-12-31 23:59:59",287,"CICERO ALMEIDA","INDIVIDUAL"
141,1,"1970-01-01 00:00:00","2037-12-31 23:59:59",290,"CIDA DIOGO","INDIVIDUAL"
142,1,"1970-01-01 00:00:00","2037-12-31 23:59:59",291,"CIDINHO SANTOS","INDIVIDUAL"
143,1,"1970-01-01 00:00:00","2037-12-31 23:59:59",292,"CIRO FRANCISCO PEDROSA","INDIVIDUAL"
144,1,"1970-01-01 00:00:00","2037-12-31 23:59:59",293,"CIRO NOGUEIRA","INDIVIDUAL"
145,1,"1970-01-01 00:00:00","2037-12-31 23:59:59",297,"CLAUDIO PUTY","INDIVIDUAL"
146,1,"1970-01-01 00:00:00","2037-12-31 23:59:59",298,"CLAUDIO VIGNATTI","INDIVIDUAL"
147,1,"1970-01-01 00:00:00","2037-12-31 23:59:59",299,"CLEBER VERDE","INDIVIDUAL"
148,1,"1970-01-01 00:00:00","2037-12-31 23:59:59",300,"CLESIO ANDRADE","INDIVIDUAL"
149,1,"1970-01-01 00:00:00","2037-12-31 23:59:59",301,"COLBERT MARTINS","INDIVIDUAL"
150,1,"1970-01-01 00:00:00","2037-12-31 23:59:59",304,"COM. ASSUNTOS ECONOMICOS","COMISSAO"
151,1,"1970-01-01 00:00:00","2037-12-31 23:59:59",305,"COM. ASSUNTOS SOCIAIS","COMISSAO"
152,1,"1970-01-01 00:00:00","2037-12-31 23:59:59",306,"COM. CIENCIA,TECN. COM. INFORMATICA","COMISSAO"
153,1,"1970-01-01 00:00:00","2037-12-31 23:59:59",307,"COM. CONST. JUSTICA E CIDADANIA","COMISSAO"
154,1,"1970-01-01 00:00:00","2037-12-31 23:59:59",308,"COM. CULTURA","COMISSAO"
155,1,"1970-01-01 00:00:00","2037-12-31 23:59:59",313,"COM. DIREITOS HUMANOS E LEGIS PARTI","COMISSAO"
156,1,"1970-01-01 00:00:00","2037-12-31 23:59:59",321,"COM. RELACOES EXT E DEFESA NACIONAL","COMISSAO"
157,1,"1970-01-01 00:00:00","2037-12-31 23:59:59",322,"COM. SEGURIDADE SOCIAL E FAMILIA","COMISSAO"
158,1,"1970-01-01 00:00:00","2037-12-31 23:59:59",323,"COM. SENADO DO FUTURO","COMISSAO"
159,1,"1970-01-01 00:00:00","2037-12-31 23:59:59",324,"COM. TRABALHO, ADM. E SERV.PUBLICO","COMISSAO"
160,1,"1970-01-01 00:00:00","2037-12-31 23:59:59",328,"CORONEL ARMANDO","INDIVIDUAL"
161,1,"1970-01-01 00:00:00","2037-12-31 23:59:59",330,"CORONEL TADEU","INDIVIDUAL"
162,1,"1970-01-01 00:00:00","2037-12-31 23:59:59",331,"COSTA FERREIRA","INDIVIDUAL"
163,1,"1970-01-01 00:00:00","2037-12-31 23:59:59",333,"CRISTIANE BRASIL","INDIVIDUAL"
164,1,"1970-01-01 00:00:00","2037-12-31 23:59:59",334,"CRISTIANO VALE","INDIVIDUAL"
165,1,"1970-01-01 00:00:00","2037-12-31 23:59:59",336,"CYRO MIRANDA","INDIVIDUAL"
166,1,"1970-01-01 00:00:00","2037-12-31 23:59:59",337,"DA VITORIA","INDIVIDUAL"
167,1,"1970-01-01 00:00:00","2037-12-31 23:59:59",338,"DAGOBERTO NOGUEIRA","INDIVIDUAL"
168,1,"1970-01-01 00:00:00","2037-12-31 23:59:59",339,"DALIRIO BEBER","INDIVIDUAL"
169,1,"1970-01-01 00:00:00","2037-12-31 23:59:59",340,"DALVA FIGUEIREDO","INDIVIDUAL"
170,1,"1970-01-01 00:00:00","2037-12-31 23:59:59",342,"DAMINA PEREIRA","INDIVIDUAL"
171,1,"1970-01-01 00:00:00","2037-12-31 23:59:59",343,"DANIEL ALMEIDA","INDIVIDUAL"
172,1,"1970-01-01 00:00:00","2037-12-31 23:59:59",344,"DANIEL COELHO","INDIVIDUAL"
173,1,"1970-01-01 00:00:00","2037-12-31 23:59:59",345,"DANIEL FREITAS","INDIVIDUAL"
174,1,"1970-01-01 00:00:00","2037-12-31 23:59:59",346,"DANIEL SILVEIRA","INDIVIDUAL"
175,1,"1970-01-01 00:00:00","2037-12-31 23:59:59",347,"DANIEL TRZECIAK","INDIVIDUAL"
176,1,"1970-01-01 00:00:00","2037-12-31 23:59:59",349,"DANIELA DO WAGUINHO","INDIVIDUAL"
177,1,"1970-01-01 00:00:00","2037-12-31 23:59:59",350,"DANIELLA RIBEIRO","INDIVIDUAL"
178,1,"1970-01-01 00:00:00","2037-12-31 23:59:59",351,"DANILO CABRAL","INDIVIDUAL"
179,1,"1970-01-01 00:00:00","2037-12-31 23:59:59",352,"DANILO FORTE","INDIVIDUAL"
180,1,"1970-01-01 00:00:00","2037-12-31 23:59:59",357,"DAVI ALCOLUMBRE","INDIVIDUAL"
181,1,"1970-01-01 00:00:00","2037-12-31 23:59:59",358,"DAVI ALVES SILVA JUNIOR","INDIVIDUAL"
182,1,"1970-01-01 00:00:00","2037-12-31 23:59:59",360,"DAVID SOARES","INDIVIDUAL"
183,1,"1970-01-01 00:00:00","2037-12-31 23:59:59",361,"DAVIDSON MAGALHAES","INDIVIDUAL"
184,1,"1970-01-01 00:00:00","2037-12-31 23:59:59",362,"DECA","INDIVIDUAL"
185,1,"1970-01-01 00:00:00","2037-12-31 23:59:59",363,"DECIO LIMA","INDIVIDUAL"
186,1,"1970-01-01 00:00:00","2037-12-31 23:59:59",364,"DEJORGE PATRICIO","INDIVIDUAL"
187,1,"1970-01-01 00:00:00","2037-12-31 23:59:59",365,"DELCIDIO DO AMARAL","INDIVIDUAL"
188,1,"1970-01-01 00:00:00","2037-12-31 23:59:59",366,"DELEGADO ANTONIO FURTADO","INDIVIDUAL"
189,1,"1970-01-01 00:00:00","2037-12-31 23:59:59",367,"DELEGADO EDER MAURO","INDIVIDUAL"
190,1,"1970-01-01 00:00:00","2037-12-31 23:59:59",368,"DELEGADO EDSON MOREIRA","INDIVIDUAL"
191,1,"1970-01-01 00:00:00","2037-12-31 23:59:59",369,"DELEGADO FRANCISCHINI","INDIVIDUAL"
192,1,"1970-01-01 00:00:00","2037-12-31 23:59:59",370,"DELEGADO MARCELO FREITAS","INDIVIDUAL"
193,1,"1970-01-01 00:00:00","2037-12-31 23:59:59",373,"DELEGADO WALDIR","INDIVIDUAL"
194,1,"1970-01-01 00:00:00","2037-12-31 23:59:59",375,"DENIS BEZERRA","INDIVIDUAL"
195,1,"1970-01-01 00:00:00","2037-12-31 23:59:59",376,"DEP RENAN FILHO","INDIVIDUAL"
196,1,"1970-01-01 00:00:00","2037-12-31 23:59:59",377,"DEPUTADA SUELY","INDIVIDUAL"
197,1,"1970-01-01 00:00:00","2037-12-31 23:59:59",379,"DEVANIR RIBEIRO","INDIVIDUAL"
198,1,"1970-01-01 00:00:00","2037-12-31 23:59:59",380,"DIEGO ANDRADE","INDIVIDUAL"
199,1,"1970-01-01 00:00:00","2037-12-31 23:59:59",381,"DIEGO GARCIA","INDIVIDUAL"
200,1,"1970-01-01 00:00:00","2037-12-31 23:59:59",382,"DILCEU SPERAFICO","INDIVIDUAL"
201,1,"1970-01-01 00:00:00","2037-12-31 23:59:59",383,"DIMAS FABIANO","INDIVIDUAL"
202,1,"1970-01-01 00:00:00","2037-12-31 23:59:59",386,"DOMINGOS NETO","INDIVIDUAL"
203,1,"1970-01-01 00:00:00","2037-12-31 23:59:59",387,"DOMINGOS SAVIO","INDIVIDUAL"
204,1,"1970-01-01 00:00:00","2037-12-31 23:59:59",388,"DONIZETI NOGUEIRA","INDIVIDUAL"
205,1,"1970-01-01 00:00:00","2037-12-31 23:59:59",389,"DOUGLAS CINTRA","INDIVIDUAL"
206,1,"1970-01-01 00:00:00","2037-12-31 23:59:59",390,"DR GONCALO","INDIVIDUAL"
207,1,"1970-01-01 00:00:00","2037-12-31 23:59:59",391,"DR. ADILSON SOARES","INDIVIDUAL"
208,1,"1970-01-01 00:00:00","2037-12-31 23:59:59",392,"DR. CARLOS ALBERTO","INDIVIDUAL"
209,1,"1970-01-01 00:00:00","2037-12-31 23:59:59",393,"DR. FREDERICO","INDIVIDUAL"
210,1,"1970-01-01 00:00:00","2037-12-31 23:59:59",394,"DR. GRILO","INDIVIDUAL"
211,1,"1970-01-01 00:00:00","2037-12-31 23:59:59",395,"DR. JAZIEL","INDIVIDUAL"
212,1,"1970-01-01 00:00:00","2037-12-31 23:59:59",397,"DR. JORGE SILVA","INDIVIDUAL"
213,1,"1970-01-01 00:00:00","2037-12-31 23:59:59",399,"DR. LUIZ ANTONIO TEIXEIRA JR.","INDIVIDUAL"
214,1,"1970-01-01 00:00:00","2037-12-31 23:59:59",401,"DR. LUIZ OVANDO","INDIVIDUAL"
215,1,"1970-01-01 00:00:00","2037-12-31 23:59:59",402,"DR. PAULO CESAR","INDIVIDUAL"
216,1,"1970-01-01 00:00:00","2037-12-31 23:59:59",403,"DR. ROSINHA","INDIVIDUAL"
217,1,"1970-01-01 00:00:00","2037-12-31 23:59:59",404,"DR. SINVAL MALHEIROS","INDIVIDUAL"
218,1,"1970-01-01 00:00:00","2037-12-31 23:59:59",405,"DR. UBIALI","INDIVIDUAL"
219,1,"1970-01-01 00:00:00","2037-12-31 23:59:59",406,"DR. ZACHARIAS CALIL","INDIVIDUAL"
220,1,"1970-01-01 00:00:00","2037-12-31 23:59:59",408,"DRA. VANDA MILANI","INDIVIDUAL"
221,1,"1970-01-01 00:00:00","2037-12-31 23:59:59",409,"DUARTE NOGUEIRA","INDIVIDUAL"
222,1,"1970-01-01 00:00:00","2037-12-31 23:59:59",410,"DUDIMAR PAXIUBA","INDIVIDUAL"
223,1,"1970-01-01 00:00:00","2037-12-31 23:59:59",411,"DULCE MIRANDA","INDIVIDUAL"
224,1,"1970-01-01 00:00:00","2037-12-31 23:59:59",412,"EDILAZIO JUNIOR","INDIVIDUAL"
225,1,"1970-01-01 00:00:00","2037-12-31 23:59:59",413,"EDINHO ARAUJO","INDIVIDUAL"
226,1,"1970-01-01 00:00:00","2037-12-31 23:59:59",414,"EDINHO BEZ","INDIVIDUAL"
227,1,"1970-01-01 00:00:00","2037-12-31 23:59:59",415,"EDIO LOPES","INDIVIDUAL"
228,1,"1970-01-01 00:00:00","2037-12-31 23:59:59",416,"EDISON LOBAO","INDIVIDUAL"
229,1,"1970-01-01 00:00:00","2037-12-31 23:59:59",417,"EDIVALDO HOLANDA JUNIOR","INDIVIDUAL"
230,1,"1970-01-01 00:00:00","2037-12-31 23:59:59",418,"EDIVALDO VADAO GOMES","INDIVIDUAL"
231,1,"1970-01-01 00:00:00","2037-12-31 23:59:59",422,"EDSON APARECIDO","INDIVIDUAL"
232,1,"1970-01-01 00:00:00","2037-12-31 23:59:59",423,"EDSON EZEQUIEL","INDIVIDUAL"
233,1,"1970-01-01 00:00:00","2037-12-31 23:59:59",424,"EDSON GIROTTO","INDIVIDUAL"
234,1,"1970-01-01 00:00:00","2037-12-31 23:59:59",425,"EDSON PIMENTA","INDIVIDUAL"
235,1,"1970-01-01 00:00:00","2037-12-31 23:59:59",426,"EDSON SANTOS","INDIVIDUAL"
236,1,"1970-01-01 00:00:00","2037-12-31 23:59:59",427,"EDSON SILVA","INDIVIDUAL"
237,1,"1970-01-01 00:00:00","2037-12-31 23:59:59",428,"EDUARDO AMORIM","INDIVIDUAL"
238,1,"1970-01-01 00:00:00","2037-12-31 23:59:59",429,"EDUARDO AZEREDO","INDIVIDUAL"
239,1,"1970-01-01 00:00:00","2037-12-31 23:59:59",430,"EDUARDO BARBOSA","INDIVIDUAL"
240,1,"1970-01-01 00:00:00","2037-12-31 23:59:59",431,"EDUARDO BISMARCK","INDIVIDUAL"
241,1,"1970-01-01 00:00:00","2037-12-31 23:59:59",432,"EDUARDO BOLSONARO","INDIVIDUAL"
242,1,"1970-01-01 00:00:00","2037-12-31 23:59:59",433,"EDUARDO BRAGA","INDIVIDUAL"
243,1,"1970-01-01 00:00:00","2037-12-31 23:59:59",434,"EDUARDO BRAIDE","INDIVIDUAL"
244,1,"1970-01-01 00:00:00","2037-12-31 23:59:59",436,"EDUARDO COSTA","INDIVIDUAL"
245,1,"1970-01-01 00:00:00","2037-12-31 23:59:59",437,"EDUARDO CUNHA","INDIVIDUAL"
246,1,"1970-01-01 00:00:00","2037-12-31 23:59:59",438,"EDUARDO CURY","INDIVIDUAL"
247,1,"1970-01-01 00:00:00","2037-12-31 23:59:59",439,"EDUARDO DA FONTE","INDIVIDUAL"
248,1,"1970-01-01 00:00:00","2037-12-31 23:59:59",440,"EDUARDO GIRAO","INDIVIDUAL"
249,1,"1970-01-01 00:00:00","2037-12-31 23:59:59",441,"EDUARDO GOMES","INDIVIDUAL"
250,1,"1970-01-01 00:00:00","2037-12-31 23:59:59",443,"EDUARDO SCIARRA","INDIVIDUAL"
251,1,"1970-01-01 00:00:00","2037-12-31 23:59:59",445,"EFRAIM FILHO","INDIVIDUAL"
252,1,"1970-01-01 00:00:00","2037-12-31 23:59:59",446,"EFRAIM MORAIS","INDIVIDUAL"
253,1,"1970-01-01 00:00:00","2037-12-31 23:59:59",448,"ELCIONE BARBALHO","INDIVIDUAL"
254,1,"1970-01-01 00:00:00","2037-12-31 23:59:59",449,"ELEUSES PAIVA","INDIVIDUAL"
255,1,"1970-01-01 00:00:00","2037-12-31 23:59:59",451,"ELI CORREA FILHO","INDIVIDUAL"
256,1,"1970-01-01 00:00:00","2037-12-31 23:59:59",452,"ELIAS VAZ","INDIVIDUAL"
257,1,"1970-01-01 00:00:00","2037-12-31 23:59:59",453,"ELIENE LIMA","INDIVIDUAL"
258,1,"1970-01-01 00:00:00","2037-12-31 23:59:59",454,"ELISEU PADILHA","INDIVIDUAL"
259,1,"1970-01-01 00:00:00","2037-12-31 23:59:59",457,"ELMANO FERRER","INDIVIDUAL"
260,1,"1970-01-01 00:00:00","2037-12-31 23:59:59",458,"ELMAR NASCIMENTO","INDIVIDUAL"
261,1,"1970-01-01 00:00:00","2037-12-31 23:59:59",459,"EMANUEL FERNANDES","INDIVIDUAL"
262,1,"1970-01-01 00:00:00","2037-12-31 23:59:59",460,"EMANUEL PINHEIRO NETO","INDIVIDUAL"
263,1,"1970-01-01 00:00:00","2037-12-31 23:59:59",461,"EMIDINHO MADEIRA","INDIVIDUAL"
264,1,"1970-01-01 00:00:00","2037-12-31 23:59:59",462,"EMILIA FERNANDES","INDIVIDUAL"
265,1,"1970-01-01 00:00:00","2037-12-31 23:59:59",463,"EMILIANO JOSE","INDIVIDUAL"
266,1,"1970-01-01 00:00:00","2037-12-31 23:59:59",464,"ENIO BACCI","INDIVIDUAL"
267,1,"1970-01-01 00:00:00","2037-12-31 23:59:59",465,"ENIO VERRI","INDIVIDUAL"
268,1,"1970-01-01 00:00:00","2037-12-31 23:59:59",466,"ENRICO MISASI","INDIVIDUAL"
269,1,"1970-01-01 00:00:00","2037-12-31 23:59:59",467,"EPITACIO CAFETEIRA","INDIVIDUAL"
270,1,"1970-01-01 00:00:00","2037-12-31 23:59:59",468,"ERIKA KOKAY","INDIVIDUAL"
271,1,"1970-01-01 00:00:00","2037-12-31 23:59:59",469,"ERIVELTON SANTANA","INDIVIDUAL"
272,1,"1970-01-01 00:00:00","2037-12-31 23:59:59",471,"EROS  BIONDINI","INDIVIDUAL"
273,1,"1970-01-01 00:00:00","2037-12-31 23:59:59",472,"EROS BIONDINI","INDIVIDUAL"
274,1,"1970-01-01 00:00:00","2037-12-31 23:59:59",473,"ESPERIDIAO AMIN","INDIVIDUAL"
275,1,"1970-01-01 00:00:00","2037-12-31 23:59:59",474,"EUCLYDES PETTERSEN","INDIVIDUAL"
276,1,"1970-01-01 00:00:00","2037-12-31 23:59:59",475,"EUDES XAVIER","INDIVIDUAL"
277,1,"1970-01-01 00:00:00","2037-12-31 23:59:59",476,"EUNICIO OLIVEIRA","INDIVIDUAL"
278,1,"1970-01-01 00:00:00","2037-12-31 23:59:59",478,"EVAIR VIEIRA DE MELO","INDIVIDUAL"
279,1,"1970-01-01 00:00:00","2037-12-31 23:59:59",479,"EVANDRO GUSSI","INDIVIDUAL"
280,1,"1970-01-01 00:00:00","2037-12-31 23:59:59",480,"EVANDRO MILHOMEN","INDIVIDUAL"
281,1,"1970-01-01 00:00:00","2037-12-31 23:59:59",481,"EVANDRO ROMAN","INDIVIDUAL"
282,1,"1970-01-01 00:00:00","2037-12-31 23:59:59",482,"EVERALDO JOSE RANSONI","INDIVIDUAL"
283,1,"1970-01-01 00:00:00","2037-12-31 23:59:59",484,"EZEQUIEL FONSECA","INDIVIDUAL"
284,1,"1970-01-01 00:00:00","2037-12-31 23:59:59",485,"EZEQUIEL TEIXEIRA","INDIVIDUAL"
285,1,"1970-01-01 00:00:00","2037-12-31 23:59:59",486,"FABIANO CONTARATO","INDIVIDUAL"
286,1,"1970-01-01 00:00:00","2037-12-31 23:59:59",487,"FABIANO GALLETTI TOLETINO","INDIVIDUAL"
287,1,"1970-01-01 00:00:00","2037-12-31 23:59:59",489,"FABIO FARIA","INDIVIDUAL"
288,1,"1970-01-01 00:00:00","2037-12-31 23:59:59",491,"FABIO HENRIQUE","INDIVIDUAL"
289,1,"1970-01-01 00:00:00","2037-12-31 23:59:59",492,"FABIO MITIDIERI","INDIVIDUAL"
290,1,"1970-01-01 00:00:00","2037-12-31 23:59:59",493,"FABIO RAMALHO","INDIVIDUAL"
291,1,"1970-01-01 00:00:00","2037-12-31 23:59:59",495,"FABIO SCHIOCHET","INDIVIDUAL"
292,1,"1970-01-01 00:00:00","2037-12-31 23:59:59",496,"FABIO SOUSA","INDIVIDUAL"
293,1,"1970-01-01 00:00:00","2037-12-31 23:59:59",498,"FABIO TRAD","INDIVIDUAL"
294,1,"1970-01-01 00:00:00","2037-12-31 23:59:59",499,"FABRICIO OLIVEIRA","INDIVIDUAL"
295,1,"1970-01-01 00:00:00","2037-12-31 23:59:59",500,"FATIMA BEZERRA","INDIVIDUAL"
296,1,"1970-01-01 00:00:00","2037-12-31 23:59:59",501,"FATIMA CLEIDE","INDIVIDUAL"
297,1,"1970-01-01 00:00:00","2037-12-31 23:59:59",502,"FATIMA PELAES","INDIVIDUAL"
298,1,"1970-01-01 00:00:00","2037-12-31 23:59:59",506,"FELIPE CARRERAS","INDIVIDUAL"
299,1,"1970-01-01 00:00:00","2037-12-31 23:59:59",507,"FELIPE FRANCISCHINI","INDIVIDUAL"
300,1,"1970-01-01 00:00:00","2037-12-31 23:59:59",508,"FELIPE MAIA","INDIVIDUAL"
301,1,"1970-01-01 00:00:00","2037-12-31 23:59:59",509,"FELIPE RIGONI","INDIVIDUAL"
302,1,"1970-01-01 00:00:00","2037-12-31 23:59:59",510,"FELIX MENDONCA JUNIOR","INDIVIDUAL"
303,1,"1970-01-01 00:00:00","2037-12-31 23:59:59",511,"FERNANDA MELCHIONNA","INDIVIDUAL"
304,1,"1970-01-01 00:00:00","2037-12-31 23:59:59",514,"FERNANDO COLLOR","INDIVIDUAL"
305,1,"1970-01-01 00:00:00","2037-12-31 23:59:59",516,"FERNANDO JORDAO","INDIVIDUAL"
306,1,"1970-01-01 00:00:00","2037-12-31 23:59:59",517,"FERNANDO LOPES","INDIVIDUAL"
307,1,"1970-01-01 00:00:00","2037-12-31 23:59:59",518,"FERNANDO MARRONI","INDIVIDUAL"
308,1,"1970-01-01 00:00:00","2037-12-31 23:59:59",519,"FERNANDO MELO","INDIVIDUAL"
309,1,"1970-01-01 00:00:00","2037-12-31 23:59:59",521,"FERNANDO RODOLFO","INDIVIDUAL"
310,1,"1970-01-01 00:00:00","2037-12-31 23:59:59",522,"FERNANDO TORRES","INDIVIDUAL"
311,1,"1970-01-01 00:00:00","2037-12-31 23:59:59",523,"FILIPE BARROS","INDIVIDUAL"
312,1,"1970-01-01 00:00:00","2037-12-31 23:59:59",524,"FILIPE PEREIRA","INDIVIDUAL"
313,1,"1970-01-01 00:00:00","2037-12-31 23:59:59",525,"FLAVIA ARRUDA","INDIVIDUAL"
314,1,"1970-01-01 00:00:00","2037-12-31 23:59:59",526,"FLAVIA MORAIS","INDIVIDUAL"
315,1,"1970-01-01 00:00:00","2037-12-31 23:59:59",527,"FLAVIANO MELO","INDIVIDUAL"
316,1,"1970-01-01 00:00:00","2037-12-31 23:59:59",530,"FLAVIO BEZERRA","INDIVIDUAL"
317,1,"1970-01-01 00:00:00","2037-12-31 23:59:59",531,"FLAVIO BOLSONARO","INDIVIDUAL"
318,1,"1970-01-01 00:00:00","2037-12-31 23:59:59",533,"FLAVIO NOGUEIRA","INDIVIDUAL"
319,1,"1970-01-01 00:00:00","2037-12-31 23:59:59",534,"FLEXA RIBEIRO","INDIVIDUAL"
320,1,"1970-01-01 00:00:00","2037-12-31 23:59:59",535,"FLORDELIS","INDIVIDUAL"
321,1,"1970-01-01 00:00:00","2037-12-31 23:59:59",537,"FRANCISCO ARAUJO","INDIVIDUAL"
322,1,"1970-01-01 00:00:00","2037-12-31 23:59:59",538,"FRANCISCO CHAGAS","INDIVIDUAL"
323,1,"1970-01-01 00:00:00","2037-12-31 23:59:59",540,"FRANCISCO DORNELLES","INDIVIDUAL"
324,1,"1970-01-01 00:00:00","2037-12-31 23:59:59",541,"FRANCISCO ESCORCIO","INDIVIDUAL"
325,1,"1970-01-01 00:00:00","2037-12-31 23:59:59",542,"FRANCISCO FLORIANO","INDIVIDUAL"
326,1,"1970-01-01 00:00:00","2037-12-31 23:59:59",543,"FRANCISCO JR.","INDIVIDUAL"
327,1,"1970-01-01 00:00:00","2037-12-31 23:59:59",544,"FRANCISCO PRACIANO","INDIVIDUAL"
328,1,"1970-01-01 00:00:00","2037-12-31 23:59:59",554,"GARIBALDI ALVES FILHO","INDIVIDUAL"
329,1,"1970-01-01 00:00:00","2037-12-31 23:59:59",555,"GASTAO VIEIRA","INDIVIDUAL"
330,1,"1970-01-01 00:00:00","2037-12-31 23:59:59",556,"GELSON AZEVEDO","INDIVIDUAL"
331,1,"1970-01-01 00:00:00","2037-12-31 23:59:59",558,"GENERAL GIRAO","INDIVIDUAL"
332,1,"1970-01-01 00:00:00","2037-12-31 23:59:59",562,"GEOVANIA DE SA","INDIVIDUAL"
333,1,"1970-01-01 00:00:00","2037-12-31 23:59:59",564,"GERALDO MAGELA","INDIVIDUAL"
334,1,"1970-01-01 00:00:00","2037-12-31 23:59:59",565,"GERALDO RESENDE","INDIVIDUAL"
335,1,"1970-01-01 00:00:00","2037-12-31 23:59:59",566,"GERALDO SIMOES","INDIVIDUAL"
336,1,"1970-01-01 00:00:00","2037-12-31 23:59:59",568,"GERMANO MOSTARDEIRO BONOW","INDIVIDUAL"
337,1,"1970-01-01 00:00:00","2037-12-31 23:59:59",569,"GERSON CAMATA","INDIVIDUAL"
338,1,"1970-01-01 00:00:00","2037-12-31 23:59:59",570,"GERVASIO MAIA","INDIVIDUAL"
339,1,"1970-01-01 00:00:00","2037-12-31 23:59:59",572,"GIL CUTRIM","INDIVIDUAL"
340,1,"1970-01-01 00:00:00","2037-12-31 23:59:59",573,"GILBERTO ABRAMO","INDIVIDUAL"
341,1,"1970-01-01 00:00:00","2037-12-31 23:59:59",574,"GILBERTO NASCIMENTO","INDIVIDUAL"
342,1,"1970-01-01 00:00:00","2037-12-31 23:59:59",579,"GIOVANI CHERINI","INDIVIDUAL"
343,1,"1970-01-01 00:00:00","2037-12-31 23:59:59",582,"GIROTO","INDIVIDUAL"
344,1,"1970-01-01 00:00:00","2037-12-31 23:59:59",583,"GIUSEPPE VECCI","INDIVIDUAL"
345,1,"1970-01-01 00:00:00","2037-12-31 23:59:59",585,"GIVALDO CARIMBAO","INDIVIDUAL"
346,1,"1970-01-01 00:00:00","2037-12-31 23:59:59",588,"GLADSON CAMELIR","INDIVIDUAL"
347,1,"1970-01-01 00:00:00","2037-12-31 23:59:59",590,"GLAUSTIN FOKUS","INDIVIDUAL"
348,1,"1970-01-01 00:00:00","2037-12-31 23:59:59",592,"GONZAGA PATRIOTA","INDIVIDUAL"
349,1,"1970-01-01 00:00:00","2037-12-31 23:59:59",593,"GORETE PEREIRA","INDIVIDUAL"
350,1,"1970-01-01 00:00:00","2037-12-31 23:59:59",598,"GUILHERME DERRITE","INDIVIDUAL"
351,1,"1970-01-01 00:00:00","2037-12-31 23:59:59",599,"GUILHERME MUSSI","INDIVIDUAL"
352,1,"1970-01-01 00:00:00","2037-12-31 23:59:59",601,"GUSTAVO FRUET","INDIVIDUAL"
353,1,"1970-01-01 00:00:00","2037-12-31 23:59:59",602,"GUSTAVO PETTA","INDIVIDUAL"
354,1,"1970-01-01 00:00:00","2037-12-31 23:59:59",603,"GUSTINHO RIBEIRO","INDIVIDUAL"
355,1,"1970-01-01 00:00:00","2037-12-31 23:59:59",608,"HELCIO SILVA","INDIVIDUAL"
356,1,"1970-01-01 00:00:00","2037-12-31 23:59:59",609,"HELDER SALOMAO","INDIVIDUAL"
357,1,"1970-01-01 00:00:00","2037-12-31 23:59:59",611,"HELIO COSTA","INDIVIDUAL"
358,1,"1970-01-01 00:00:00","2037-12-31 23:59:59",612,"HELIO JOSE","INDIVIDUAL"
359,1,"1970-01-01 00:00:00","2037-12-31 23:59:59",613,"HELIO LEITE","INDIVIDUAL"
360,1,"1970-01-01 00:00:00","2037-12-31 23:59:59",617,"HENRIQUE EDUARDO ALVES","INDIVIDUAL"
361,1,"1970-01-01 00:00:00","2037-12-31 23:59:59",621,"HERCILIO COELHO DINIZ","INDIVIDUAL"
362,1,"1970-01-01 00:00:00","2037-12-31 23:59:59",624,"HEULER CRUVINEL","INDIVIDUAL"
363,1,"1970-01-01 00:00:00","2037-12-31 23:59:59",625,"HILDO ROCHA","INDIVIDUAL"
364,1,"1970-01-01 00:00:00","2037-12-31 23:59:59",626,"HIRAN GONCALVES","INDIVIDUAL"
365,1,"1970-01-01 00:00:00","2037-12-31 23:59:59",629,"HUGO LEAL","INDIVIDUAL"
366,1,"1970-01-01 00:00:00","2037-12-31 23:59:59",630,"HUGO MOTTA","INDIVIDUAL"
367,1,"1970-01-01 00:00:00","2037-12-31 23:59:59",631,"HUGO NAPOLEAO","INDIVIDUAL"
368,1,"1970-01-01 00:00:00","2037-12-31 23:59:59",632,"HUMBERTO COSTA","INDIVIDUAL"
369,1,"1970-01-01 00:00:00","2037-12-31 23:59:59",636,"IDILVAN ALENCAR","INDIVIDUAL"
370,1,"1970-01-01 00:00:00","2037-12-31 23:59:59",639,"INACIO ARRUDA","INDIVIDUAL"
371,1,"1970-01-01 00:00:00","2037-12-31 23:59:59",640,"INDIO DA COSTA","INDIVIDUAL"
372,1,"1970-01-01 00:00:00","2037-12-31 23:59:59",642,"IRACEMA PORTELLA","INDIVIDUAL"
373,1,"1970-01-01 00:00:00","2037-12-31 23:59:59",644,"IRAJA ABREU","INDIVIDUAL"
374,1,"1970-01-01 00:00:00","2037-12-31 23:59:59",645,"IRINY LOPES","INDIVIDUAL"
375,1,"1970-01-01 00:00:00","2037-12-31 23:59:59",646,"IRIS DE ARAUJO","INDIVIDUAL"
376,1,"1970-01-01 00:00:00","2037-12-31 23:59:59",647,"IRMAO LAZARO","INDIVIDUAL"
377,1,"1970-01-01 00:00:00","2037-12-31 23:59:59",648,"ISNALDO BULHOES JR.","INDIVIDUAL"
378,1,"1970-01-01 00:00:00","2037-12-31 23:59:59",649,"IVAN VALENTE","INDIVIDUAL"
379,1,"1970-01-01 00:00:00","2037-12-31 23:59:59",650,"IVETE DA SILVEIRA","INDIVIDUAL"
380,1,"1970-01-01 00:00:00","2037-12-31 23:59:59",651,"IVO CASSOL","INDIVIDUAL"
381,1,"1970-01-01 00:00:00","2037-12-31 23:59:59",652,"IVONETE DANTAS","INDIVIDUAL"
382,1,"1970-01-01 00:00:00","2037-12-31 23:59:59",653,"IZALCI LUCAS","INDIVIDUAL"
383,1,"1970-01-01 00:00:00","2037-12-31 23:59:59",658,"JAIRO PAES DELIRA","INDIVIDUAL"
384,1,"1970-01-01 00:00:00","2037-12-31 23:59:59",659,"JANDIRA FEGHALI","INDIVIDUAL"
385,1,"1970-01-01 00:00:00","2037-12-31 23:59:59",660,"JANETE CAPIBERIBE","INDIVIDUAL"
386,1,"1970-01-01 00:00:00","2037-12-31 23:59:59",661,"JANETE ROCHA PIETA","INDIVIDUAL"
387,1,"1970-01-01 00:00:00","2037-12-31 23:59:59",667,"JAYME CAMPOS","INDIVIDUAL"
388,1,"1970-01-01 00:00:00","2037-12-31 23:59:59",668,"JEAN PAUL PRATES","INDIVIDUAL"
389,1,"1970-01-01 00:00:00","2037-12-31 23:59:59",669,"JEAN WYLLYS","INDIVIDUAL"
390,1,"1970-01-01 00:00:00","2037-12-31 23:59:59",670,"JEFFERSON CAMPOS","INDIVIDUAL"
391,1,"1970-01-01 00:00:00","2037-12-31 23:59:59",671,"JEFFERSON PRAIA","INDIVIDUAL"
392,1,"1970-01-01 00:00:00","2037-12-31 23:59:59",672,"JERONIMO GOERGEN","INDIVIDUAL"
393,1,"1970-01-01 00:00:00","2037-12-31 23:59:59",673,"JESSICA SALES","INDIVIDUAL"
394,1,"1970-01-01 00:00:00","2037-12-31 23:59:59",676,"JESUS SERGIO","INDIVIDUAL"
395,1,"1970-01-01 00:00:00","2037-12-31 23:59:59",677,"JHC","INDIVIDUAL"
396,1,"1970-01-01 00:00:00","2037-12-31 23:59:59",679,"JILMAR TATTO","INDIVIDUAL"
397,1,"1970-01-01 00:00:00","2037-12-31 23:59:59",680,"JO MORAES","INDIVIDUAL"
398,1,"1970-01-01 00:00:00","2037-12-31 23:59:59",683,"JOAO ARRUDA","INDIVIDUAL"
399,1,"1970-01-01 00:00:00","2037-12-31 23:59:59",684,"JOAO CAMPOS","INDIVIDUAL"
400,1,"1970-01-01 00:00:00","2037-12-31 23:59:59",686,"JOAO CARLOS BACELAR","INDIVIDUAL"
401,1,"1970-01-01 00:00:00","2037-12-31 23:59:59",687,"JOAO CASTELO","INDIVIDUAL"
402,1,"1970-01-01 00:00:00","2037-12-31 23:59:59",688,"JOAO DADO","INDIVIDUAL"
403,1,"1970-01-01 00:00:00","2037-12-31 23:59:59",689,"JOAO DANIEL","INDIVIDUAL"
404,1,"1970-01-01 00:00:00","2037-12-31 23:59:59",692,"JOAO FERNANDO COUTINHO","INDIVIDUAL"
405,1,"1970-01-01 00:00:00","2037-12-31 23:59:59",693,"JOAO GUALBERTO","INDIVIDUAL"
406,1,"1970-01-01 00:00:00","2037-12-31 23:59:59",694,"JOAO H. CAMPOS","INDIVIDUAL"
407,1,"1970-01-01 00:00:00","2037-12-31 23:59:59",696,"JOAO LYRA","INDIVIDUAL"
408,1,"1970-01-01 00:00:00","2037-12-31 23:59:59",697,"JOAO MAGALHAES","INDIVIDUAL"
409,1,"1970-01-01 00:00:00","2037-12-31 23:59:59",699,"JOAO MARCELO SOUZA","INDIVIDUAL"
410,1,"1970-01-01 00:00:00","2037-12-31 23:59:59",701,"JOAO PAULO KLEINUBING","INDIVIDUAL"
411,1,"1970-01-01 00:00:00","2037-12-31 23:59:59",702,"JOAO PAULO LIMA","INDIVIDUAL"
412,1,"1970-01-01 00:00:00","2037-12-31 23:59:59",703,"JOAO PAULO PAPA","INDIVIDUAL"
413,1,"1970-01-01 00:00:00","2037-12-31 23:59:59",704,"JOAO PIZZOLATTI","INDIVIDUAL"
414,1,"1970-01-01 00:00:00","2037-12-31 23:59:59",705,"JOAO RIBEIRO","INDIVIDUAL"
415,1,"1970-01-01 00:00:00","2037-12-31 23:59:59",706,"JOAO RODRIGUES","INDIVIDUAL"
416,1,"1970-01-01 00:00:00","2037-12-31 23:59:59",707,"JOAO ROMA","INDIVIDUAL"
417,1,"1970-01-01 00:00:00","2037-12-31 23:59:59",709,"JOAQUIM BELTRAO SIQUEIRA","INDIVIDUAL"
418,1,"1970-01-01 00:00:00","2037-12-31 23:59:59",710,"JOAQUIM PASSARINHO","INDIVIDUAL"
419,1,"1970-01-01 00:00:00","2037-12-31 23:59:59",713,"JONAS DONIZZETE","INDIVIDUAL"
420,1,"1970-01-01 00:00:00","2037-12-31 23:59:59",715,"JONES MOURA","INDIVIDUAL"
421,1,"1970-01-01 00:00:00","2037-12-31 23:59:59",716,"JONY MARCOS","INDIVIDUAL"
422,1,"1970-01-01 00:00:00","2037-12-31 23:59:59",717,"JORGE BITTAR","INDIVIDUAL"
423,1,"1970-01-01 00:00:00","2037-12-31 23:59:59",718,"JORGE BOEIRA","INDIVIDUAL"
424,1,"1970-01-01 00:00:00","2037-12-31 23:59:59",719,"JORGE BRAZ","INDIVIDUAL"
425,1,"1970-01-01 00:00:00","2037-12-31 23:59:59",721,"JORGE KAJURU","INDIVIDUAL"
426,1,"1970-01-01 00:00:00","2037-12-31 23:59:59",722,"JORGE KHOURY","INDIVIDUAL"
427,1,"1970-01-01 00:00:00","2037-12-31 23:59:59",724,"JORGE SOLLA","INDIVIDUAL"
428,1,"1970-01-01 00:00:00","2037-12-31 23:59:59",726,"JORGE VIANA","INDIVIDUAL"
429,1,"1970-01-01 00:00:00","2037-12-31 23:59:59",727,"JORGINHO MELLO","INDIVIDUAL"
430,1,"1970-01-01 00:00:00","2037-12-31 23:59:59",728,"JOSE AGRIPINO","INDIVIDUAL"
431,1,"1970-01-01 00:00:00","2037-12-31 23:59:59",729,"JOSE AIRTON FELIX CIRILO","INDIVIDUAL"
432,1,"1970-01-01 00:00:00","2037-12-31 23:59:59",733,"JOSE CARLOS ARAUJO","INDIVIDUAL"
433,1,"1970-01-01 00:00:00","2037-12-31 23:59:59",735,"JOSE CARLOS STANGARLINI","INDIVIDUAL"
434,1,"1970-01-01 00:00:00","2037-12-31 23:59:59",736,"JOSE CHAVES","INDIVIDUAL"
435,1,"1970-01-01 00:00:00","2037-12-31 23:59:59",737,"JOSE DE FILIPPI","INDIVIDUAL"
436,1,"1970-01-01 00:00:00","2037-12-31 23:59:59",738,"JOSE FERNANDO APARECIDO DE OLIVEIRA","INDIVIDUAL"
437,1,"1970-01-01 00:00:00","2037-12-31 23:59:59",739,"JOSE FOGACA","INDIVIDUAL"
438,1,"1970-01-01 00:00:00","2037-12-31 23:59:59",740,"JOSE GERARDO ARRUDA FILHO","INDIVIDUAL"
439,1,"1970-01-01 00:00:00","2037-12-31 23:59:59",741,"JOSE GUIMARAES","INDIVIDUAL"
440,1,"1970-01-01 00:00:00","2037-12-31 23:59:59",742,"JOSE HELENO DA SILVA","INDIVIDUAL"
441,1,"1970-01-01 00:00:00","2037-12-31 23:59:59",743,"JOSE HUMBERTO","INDIVIDUAL"
442,1,"1970-01-01 00:00:00","2037-12-31 23:59:59",744,"JOSE LINHARES","INDIVIDUAL"
443,1,"1970-01-01 00:00:00","2037-12-31 23:59:59",746,"JOSE MARANHAO","INDIVIDUAL"
444,1,"1970-01-01 00:00:00","2037-12-31 23:59:59",748,"JOSE MEDEIROS","INDIVIDUAL"
445,1,"1970-01-01 00:00:00","2037-12-31 23:59:59",750,"JOSE MENTOR","INDIVIDUAL"
446,1,"1970-01-01 00:00:00","2037-12-31 23:59:59",751,"JOSE NELTO","INDIVIDUAL"
447,1,"1970-01-01 00:00:00","2037-12-31 23:59:59",752,"JOSE NUNES","INDIVIDUAL"
448,1,"1970-01-01 00:00:00","2037-12-31 23:59:59",756,"JOSE RAFAEL GUERRA PINTO COELHO","INDIVIDUAL"
449,1,"1970-01-01 00:00:00","2037-12-31 23:59:59",758,"JOSE RICARDO","INDIVIDUAL"
450,1,"1970-01-01 00:00:00","2037-12-31 23:59:59",760,"JOSE SARNEY","INDIVIDUAL"
451,1,"1970-01-01 00:00:00","2037-12-31 23:59:59",761,"JOSE SERRA","INDIVIDUAL"
452,1,"1970-01-01 00:00:00","2037-12-31 23:59:59",762,"JOSE STEDILE","INDIVIDUAL"
453,1,"1970-01-01 00:00:00","2037-12-31 23:59:59",763,"JOSEILDO RAMOS","INDIVIDUAL"
454,1,"1970-01-01 00:00:00","2037-12-31 23:59:59",764,"JOSEPH WALLACE FARIA BANDEIRA","INDIVIDUAL"
455,1,"1970-01-01 00:00:00","2037-12-31 23:59:59",767,"JOSIVALDO JP","INDIVIDUAL"
456,1,"1970-01-01 00:00:00","2037-12-31 23:59:59",768,"JOSUE BENGTSON","INDIVIDUAL"
457,1,"1970-01-01 00:00:00","2037-12-31 23:59:59",769,"JOVAIR ARANTES","INDIVIDUAL"
458,1,"1970-01-01 00:00:00","2037-12-31 23:59:59",770,"JOZI ARAUJO","INDIVIDUAL"
459,1,"1970-01-01 00:00:00","2037-12-31 23:59:59",774,"JULIO CAMPOS","INDIVIDUAL"
460,1,"1970-01-01 00:00:00","2037-12-31 23:59:59",777,"JULIO DELGADO","INDIVIDUAL"
461,1,"1970-01-01 00:00:00","2037-12-31 23:59:59",778,"JULIO LOPES","INDIVIDUAL"
462,1,"1970-01-01 00:00:00","2037-12-31 23:59:59",779,"JULIO SEMEGHINI","INDIVIDUAL"
463,1,"1970-01-01 00:00:00","2037-12-31 23:59:59",780,"JUNINHO DO PNEU","INDIVIDUAL"
464,1,"1970-01-01 00:00:00","2037-12-31 23:59:59",782,"JUNIOR COIMBRA","INDIVIDUAL"
465,1,"1970-01-01 00:00:00","2037-12-31 23:59:59",783,"JUNIOR FERRARI","INDIVIDUAL"
466,1,"1970-01-01 00:00:00","2037-12-31 23:59:59",788,"JURANDI LOUREIRO","INDIVIDUAL"
467,1,"1970-01-01 00:00:00","2037-12-31 23:59:59",790,"JUTAHY JUNIOR","INDIVIDUAL"
468,1,"1970-01-01 00:00:00","2037-12-31 23:59:59",793,"KEIKO OTA","INDIVIDUAL"
469,1,"1970-01-01 00:00:00","2037-12-31 23:59:59",794,"KIM KATAGUIRI","INDIVIDUAL"
470,1,"1970-01-01 00:00:00","2037-12-31 23:59:59",797,"LAERTE BESSA","INDIVIDUAL"
471,1,"1970-01-01 00:00:00","2037-12-31 23:59:59",798,"LAFAYETTE DE ANDRADA","INDIVIDUAL"
472,1,"1970-01-01 00:00:00","2037-12-31 23:59:59",800,"LAUDIVIO CARVALHO","INDIVIDUAL"
473,1,"1970-01-01 00:00:00","2037-12-31 23:59:59",803,"LAURIETE","INDIVIDUAL"
474,1,"1970-01-01 00:00:00","2037-12-31 23:59:59",807,"LEANDRO VILELA","INDIVIDUAL"
475,1,"1970-01-01 00:00:00","2037-12-31 23:59:59",808,"LEDA SADALA","INDIVIDUAL"
476,1,"1970-01-01 00:00:00","2037-12-31 23:59:59",812,"LEO MORAES","INDIVIDUAL"
477,1,"1970-01-01 00:00:00","2037-12-31 23:59:59",813,"LEO MOTTA","INDIVIDUAL"
478,1,"1970-01-01 00:00:00","2037-12-31 23:59:59",815,"LEONARDO MONTEIRO","INDIVIDUAL"
479,1,"1970-01-01 00:00:00","2037-12-31 23:59:59",816,"LEONARDO PICCIANI","INDIVIDUAL"
480,1,"1970-01-01 00:00:00","2037-12-31 23:59:59",817,"LEONARDO QUINTAO","INDIVIDUAL"
481,1,"1970-01-01 00:00:00","2037-12-31 23:59:59",818,"LEONARDO VILELA","INDIVIDUAL"
482,1,"1970-01-01 00:00:00","2037-12-31 23:59:59",822,"LEUR LOMANTO JUNIOR","INDIVIDUAL"
483,1,"1970-01-01 00:00:00","2037-12-31 23:59:59",823,"LIDICE DA MATA","INDIVIDUAL"
484,1,"1970-01-01 00:00:00","2037-12-31 23:59:59",825,"LINCOLN PORTELA","INDIVIDUAL"
485,1,"1970-01-01 00:00:00","2037-12-31 23:59:59",826,"LINDBERGH FARIAS","INDIVIDUAL"
486,1,"1970-01-01 00:00:00","2037-12-31 23:59:59",827,"LINDOMAR GARCON","INDIVIDUAL"
487,1,"1970-01-01 00:00:00","2037-12-31 23:59:59",828,"LIRA MAIA","INDIVIDUAL"
488,1,"1970-01-01 00:00:00","2037-12-31 23:59:59",829,"LIZIANE BAYER","INDIVIDUAL"
489,1,"1970-01-01 00:00:00","2037-12-31 23:59:59",830,"LOBAO FILHO","INDIVIDUAL"
490,1,"1970-01-01 00:00:00","2037-12-31 23:59:59",831,"LOBBE NETO","INDIVIDUAL"
491,1,"1970-01-01 00:00:00","2037-12-31 23:59:59",833,"LOURIVAL GOMES","INDIVIDUAL"
492,1,"1970-01-01 00:00:00","2037-12-31 23:59:59",835,"LUANA COSTA","INDIVIDUAL"
493,1,"1970-01-01 00:00:00","2037-12-31 23:59:59",838,"LUCAS REDECKER","INDIVIDUAL"
494,1,"1970-01-01 00:00:00","2037-12-31 23:59:59",839,"LUCAS VERGILIO","INDIVIDUAL"
495,1,"1970-01-01 00:00:00","2037-12-31 23:59:59",840,"LUCI CHOINACKI","INDIVIDUAL"
496,1,"1970-01-01 00:00:00","2037-12-31 23:59:59",841,"LUCIA VANIA","INDIVIDUAL"
497,1,"1970-01-01 00:00:00","2037-12-31 23:59:59",842,"LUCIANA SANTOS","INDIVIDUAL"
498,1,"1970-01-01 00:00:00","2037-12-31 23:59:59",845,"LUCIANO DUCCI","INDIVIDUAL"
499,1,"1970-01-01 00:00:00","2037-12-31 23:59:59",848,"LUCIO VALE","INDIVIDUAL"
500,1,"1970-01-01 00:00:00","2037-12-31 23:59:59",850,"LUIS CARLOS HEINZE","INDIVIDUAL"
501,1,"1970-01-01 00:00:00","2037-12-31 23:59:59",851,"LUIS MIRANDA","INDIVIDUAL"
502,1,"1970-01-01 00:00:00","2037-12-31 23:59:59",853,"LUISA CANZIANI","INDIVIDUAL"
503,1,"1970-01-01 00:00:00","2037-12-31 23:59:59",855,"LUIZ ANTONIO CORREA","INDIVIDUAL"
504,1,"1970-01-01 00:00:00","2037-12-31 23:59:59",856,"LUIZ ARGOLO","INDIVIDUAL"
505,1,"1970-01-01 00:00:00","2037-12-31 23:59:59",857,"LUIZ CARLOS","INDIVIDUAL"
506,1,"1970-01-01 00:00:00","2037-12-31 23:59:59",859,"LUIZ CARLOS BUSATO","INDIVIDUAL"
507,1,"1970-01-01 00:00:00","2037-12-31 23:59:59",860,"LUIZ CARLOS HAULY","INDIVIDUAL"
508,1,"1970-01-01 00:00:00","2037-12-31 23:59:59",861,"LUIZ CARLOS MOTTA","INDIVIDUAL"
509,1,"1970-01-01 00:00:00","2037-12-31 23:59:59",863,"LUIZ CARLOS SETIM","INDIVIDUAL"
510,1,"1970-01-01 00:00:00","2037-12-31 23:59:59",864,"LUIZ CLAUDIO","INDIVIDUAL"
511,1,"1970-01-01 00:00:00","2037-12-31 23:59:59",866,"LUIZ DE DEUS","INDIVIDUAL"
512,1,"1970-01-01 00:00:00","2037-12-31 23:59:59",871,"LUIZ HENRIQUE","INDIVIDUAL"
513,1,"1970-01-01 00:00:00","2037-12-31 23:59:59",875,"LUIZ OTAVIO","INDIVIDUAL"
514,1,"1970-01-01 00:00:00","2037-12-31 23:59:59",877,"LUIZ PITIMAN","INDIVIDUAL"
515,1,"1970-01-01 00:00:00","2037-12-31 23:59:59",880,"LUIZIANNE LINS","INDIVIDUAL"
516,1,"1970-01-01 00:00:00","2037-12-31 23:59:59",882,"MAGDA MOFATTO","INDIVIDUAL"
517,1,"1970-01-01 00:00:00","2037-12-31 23:59:59",883,"MAGNO MALTA","INDIVIDUAL"
518,1,"1970-01-01 00:00:00","2037-12-31 23:59:59",884,"MAILZA GOMES","INDIVIDUAL"
519,1,"1970-01-01 00:00:00","2037-12-31 23:59:59",887,"MAJOR OLIMPIO","INDIVIDUAL"
520,1,"1970-01-01 00:00:00","2037-12-31 23:59:59",892,"MANUEL MARCOS","INDIVIDUAL"
521,1,"1970-01-01 00:00:00","2037-12-31 23:59:59",893,"MANUEL ROSA NECA","INDIVIDUAL"
522,1,"1970-01-01 00:00:00","2037-12-31 23:59:59",894,"MANUELA DAVILA","INDIVIDUAL"
523,1,"1970-01-01 00:00:00","2037-12-31 23:59:59",895,"MAO SANTA","INDIVIDUAL"
524,1,"1970-01-01 00:00:00","2037-12-31 23:59:59",896,"MARA GABRILLI","INDIVIDUAL"
525,1,"1970-01-01 00:00:00","2037-12-31 23:59:59",897,"MARA ROCHA","INDIVIDUAL"
526,1,"1970-01-01 00:00:00","2037-12-31 23:59:59",898,"MARCAL FILHO","INDIVIDUAL"
527,1,"1970-01-01 00:00:00","2037-12-31 23:59:59",900,"MARCELO AGUIAR","INDIVIDUAL"
528,1,"1970-01-01 00:00:00","2037-12-31 23:59:59",903,"MARCELO ARO","INDIVIDUAL"
529,1,"1970-01-01 00:00:00","2037-12-31 23:59:59",904,"MARCELO BELINATI","INDIVIDUAL"
530,1,"1970-01-01 00:00:00","2037-12-31 23:59:59",906,"MARCELO CALERO","INDIVIDUAL"
531,1,"1970-01-01 00:00:00","2037-12-31 23:59:59",907,"MARCELO CASTRO","INDIVIDUAL"
532,1,"1970-01-01 00:00:00","2037-12-31 23:59:59",908,"MARCELO CRIVELLA","INDIVIDUAL"
533,1,"1970-01-01 00:00:00","2037-12-31 23:59:59",909,"MARCELO DELAROLI","INDIVIDUAL"
534,1,"1970-01-01 00:00:00","2037-12-31 23:59:59",913,"MARCELO NILO","INDIVIDUAL"
535,1,"1970-01-01 00:00:00","2037-12-31 23:59:59",914,"MARCELO ORTIZ","INDIVIDUAL"
536,1,"1970-01-01 00:00:00","2037-12-31 23:59:59",918,"MARCIO BIOLCHI","INDIVIDUAL"
537,1,"1970-01-01 00:00:00","2037-12-31 23:59:59",919,"MARCIO BITTAR","INDIVIDUAL"
538,1,"1970-01-01 00:00:00","2037-12-31 23:59:59",921,"MARCIO JERRY","INDIVIDUAL"
539,1,"1970-01-01 00:00:00","2037-12-31 23:59:59",923,"MARCIO LABRE","INDIVIDUAL"
540,1,"1970-01-01 00:00:00","2037-12-31 23:59:59",924,"MARCIO MACEDO","INDIVIDUAL"
541,1,"1970-01-01 00:00:00","2037-12-31 23:59:59",925,"MARCIO MARINHO","INDIVIDUAL"
542,1,"1970-01-01 00:00:00","2037-12-31 23:59:59",927,"MARCO ANTONIO CABRAL","INDIVIDUAL"
543,1,"1970-01-01 00:00:00","2037-12-31 23:59:59",928,"MARCO ANTONIO DE OLIVEIRA MACIEL","INDIVIDUAL"
544,1,"1970-01-01 00:00:00","2037-12-31 23:59:59",932,"MARCON","INDIVIDUAL"
545,1,"1970-01-01 00:00:00","2037-12-31 23:59:59",933,"MARCONDES GANDELHA","INDIVIDUAL"
546,1,"1970-01-01 00:00:00","2037-12-31 23:59:59",940,"MARCOS PEREIRA","INDIVIDUAL"
547,1,"1970-01-01 00:00:00","2037-12-31 23:59:59",941,"MARCOS REATEGUI","INDIVIDUAL"
548,1,"1970-01-01 00:00:00","2037-12-31 23:59:59",942,"MARCOS ROGERIO","INDIVIDUAL"
549,1,"1970-01-01 00:00:00","2037-12-31 23:59:59",943,"MARCOS ROTTA","INDIVIDUAL"
550,1,"1970-01-01 00:00:00","2037-12-31 23:59:59",944,"MARCOS SOARES","INDIVIDUAL"
551,1,"1970-01-01 00:00:00","2037-12-31 23:59:59",945,"MARCUS PESTANA","INDIVIDUAL"
552,1,"1970-01-01 00:00:00","2037-12-31 23:59:59",949,"MARIA APARECIDA BORGHETTI","INDIVIDUAL"
553,1,"1970-01-01 00:00:00","2037-12-31 23:59:59",953,"MARIA HELENA","INDIVIDUAL"
554,1,"1970-01-01 00:00:00","2037-12-31 23:59:59",954,"MARIA LUCIA CARDOSO","INDIVIDUAL"
555,1,"1970-01-01 00:00:00","2037-12-31 23:59:59",955,"MARIA LUCIA PRANDI","INDIVIDUAL"
556,1,"1970-01-01 00:00:00","2037-12-31 23:59:59",956,"MARIA ROSAS","INDIVIDUAL"
557,1,"1970-01-01 00:00:00","2037-12-31 23:59:59",958,"MARILIA ARRAES","INDIVIDUAL"
558,1,"1970-01-01 00:00:00","2037-12-31 23:59:59",960,"MARINALDO ROSENDO","INDIVIDUAL"
559,1,"1970-01-01 00:00:00","2037-12-31 23:59:59",961,"MARINHA RAUPP","INDIVIDUAL"
560,1,"1970-01-01 00:00:00","2037-12-31 23:59:59",963,"MARIO DE OLIVEIRA","INDIVIDUAL"
561,1,"1970-01-01 00:00:00","2037-12-31 23:59:59",964,"MARIO FEITOZA","INDIVIDUAL"
562,1,"1970-01-01 00:00:00","2037-12-31 23:59:59",965,"MARIO HERINGER","INDIVIDUAL"
563,1,"1970-01-01 00:00:00","2037-12-31 23:59:59",966,"MARIO NEGROMONTE","INDIVIDUAL"
564,1,"1970-01-01 00:00:00","2037-12-31 23:59:59",968,"MARISA SERRANO","INDIVIDUAL"
565,1,"1970-01-01 00:00:00","2037-12-31 23:59:59",969,"MARLLOS SAMPAIO","INDIVIDUAL"
566,1,"1970-01-01 00:00:00","2037-12-31 23:59:59",975,"MAURICIO DZIEDRICKI","INDIVIDUAL"
567,1,"1970-01-01 00:00:00","2037-12-31 23:59:59",977,"MAURICIO RANDS","INDIVIDUAL"
568,1,"1970-01-01 00:00:00","2037-12-31 23:59:59",978,"MAURICIO TRINDADE","INDIVIDUAL"
569,1,"1970-01-01 00:00:00","2037-12-31 23:59:59",979,"MAURO BENEVIDES","INDIVIDUAL"
570,1,"1970-01-01 00:00:00","2037-12-31 23:59:59",980,"MAURO BENEVIDES FILHO","INDIVIDUAL"
571,1,"1970-01-01 00:00:00","2037-12-31 23:59:59",981,"MAURO LOPES","INDIVIDUAL"
572,1,"1970-01-01 00:00:00","2037-12-31 23:59:59",982,"MAURO MARIANI","INDIVIDUAL"
573,1,"1970-01-01 00:00:00","2037-12-31 23:59:59",983,"MAURO NAZIF","INDIVIDUAL"
574,1,"1970-01-01 00:00:00","2037-12-31 23:59:59",984,"MAURO PEREIRA","INDIVIDUAL"
575,1,"1970-01-01 00:00:00","2037-12-31 23:59:59",985,"MAX FILHO","INDIVIDUAL"
576,1,"1970-01-01 00:00:00","2037-12-31 23:59:59",986,"MECIAS DE JESUS","INDIVIDUAL"
577,1,"1970-01-01 00:00:00","2037-12-31 23:59:59",987,"MENDES RIBEIRO FILHO","INDIVIDUAL"
578,1,"1970-01-01 00:00:00","2037-12-31 23:59:59",989,"MENDONCA PRADO","INDIVIDUAL"
579,1,"1970-01-01 00:00:00","2037-12-31 23:59:59",990,"MERLONG SOLANO","INDIVIDUAL"
580,1,"1970-01-01 00:00:00","2037-12-31 23:59:59",991,"MICHEL MIGUEL ELIAS TEMER LULIA","INDIVIDUAL"
581,1,"1970-01-01 00:00:00","2037-12-31 23:59:59",994,"MIGUEL LOMBARDI","INDIVIDUAL"
582,1,"1970-01-01 00:00:00","2037-12-31 23:59:59",996,"MILTON MONTI","INDIVIDUAL"
583,1,"1970-01-01 00:00:00","2037-12-31 23:59:59",997,"MILTON VIEIRA","INDIVIDUAL"
584,1,"1970-01-01 00:00:00","2037-12-31 23:59:59",998,"MIRIQUINHO BATISTA","INDIVIDUAL"
585,1,"1970-01-01 00:00:00","2037-12-31 23:59:59",999,"MIRO TEIXEIRA","INDIVIDUAL"
586,1,"1970-01-01 00:00:00","2037-12-31 23:59:59",1002,"MOEMA GRAMACHO","INDIVIDUAL"
587,1,"1970-01-01 00:00:00","2037-12-31 23:59:59",1003,"MOISES DINIZ","INDIVIDUAL"
588,1,"1970-01-01 00:00:00","2037-12-31 23:59:59",1004,"MOREIRA MENDES","INDIVIDUAL"
589,1,"1970-01-01 00:00:00","2037-12-31 23:59:59",1005,"MORONI TORGAN","INDIVIDUAL"
590,1,"1970-01-01 00:00:00","2037-12-31 23:59:59",1006,"MOSES RODRIGUES","INDIVIDUAL"
591,1,"1970-01-01 00:00:00","2037-12-31 23:59:59",1007,"MOZARILDO CAVALCANTI","INDIVIDUAL"
592,1,"1970-01-01 00:00:00","2037-12-31 23:59:59",1009,"NATALIA BONAVIDES","INDIVIDUAL"
593,1,"1970-01-01 00:00:00","2037-12-31 23:59:59",1011,"NAZARENO FONTELES","INDIVIDUAL"
594,1,"1970-01-01 00:00:00","2037-12-31 23:59:59",1014,"NELSON BARBUDO","INDIVIDUAL"
595,1,"1970-01-01 00:00:00","2037-12-31 23:59:59",1016,"NELSON GOETTEN","INDIVIDUAL"
596,1,"1970-01-01 00:00:00","2037-12-31 23:59:59",1017,"NELSON MARCHEZAN JUNIOR","INDIVIDUAL"
597,1,"1970-01-01 00:00:00","2037-12-31 23:59:59",1018,"NELSON MARQUEZELLI","INDIVIDUAL"
598,1,"1970-01-01 00:00:00","2037-12-31 23:59:59",1019,"NELSON MEURER","INDIVIDUAL"
599,1,"1970-01-01 00:00:00","2037-12-31 23:59:59",1020,"NELSON PADOVANI","INDIVIDUAL"
600,1,"1970-01-01 00:00:00","2037-12-31 23:59:59",1021,"NELSON PELLEGRINO","INDIVIDUAL"
601,1,"1970-01-01 00:00:00","2037-12-31 23:59:59",1022,"NELSON PROENCA","INDIVIDUAL"
602,1,"1970-01-01 00:00:00","2037-12-31 23:59:59",1023,"NELSON TRAD","INDIVIDUAL"
603,1,"1970-01-01 00:00:00","2037-12-31 23:59:59",1024,"NEREU CRISPIM","INDIVIDUAL"
604,1,"1970-01-01 00:00:00","2037-12-31 23:59:59",1025,"NERI GELLER","INDIVIDUAL"
605,1,"1970-01-01 00:00:00","2037-12-31 23:59:59",1026,"NEUCIMAR FRAGA","INDIVIDUAL"
606,1,"1970-01-01 00:00:00","2037-12-31 23:59:59",1028,"NEUTO DE CANTO","INDIVIDUAL"
607,1,"1970-01-01 00:00:00","2037-12-31 23:59:59",1029,"NEWTON CARDOSO","INDIVIDUAL"
608,1,"1970-01-01 00:00:00","2037-12-31 23:59:59",1030,"NEWTON CARDOSO JR","INDIVIDUAL"
609,1,"1970-01-01 00:00:00","2037-12-31 23:59:59",1031,"NEWTON LIMA","INDIVIDUAL"
610,1,"1970-01-01 00:00:00","2037-12-31 23:59:59",1032,"NEY LEPREVOST","INDIVIDUAL"
611,1,"1970-01-01 00:00:00","2037-12-31 23:59:59",1034,"NICOLETTI","INDIVIDUAL"
612,1,"1970-01-01 00:00:00","2037-12-31 23:59:59",1035,"NILDA GONDIM","INDIVIDUAL"
613,1,"1970-01-01 00:00:00","2037-12-31 23:59:59",1037,"NILSON LEITAO","INDIVIDUAL"
614,1,"1970-01-01 00:00:00","2037-12-31 23:59:59",1039,"NILSON PINTO","INDIVIDUAL"
615,1,"1970-01-01 00:00:00","2037-12-31 23:59:59",1040,"NILTO TATTO","INDIVIDUAL"
616,1,"1970-01-01 00:00:00","2037-12-31 23:59:59",1041,"NILTON CAPIXABA","INDIVIDUAL"
617,1,"1970-01-01 00:00:00","2037-12-31 23:59:59",1043,"NORMA AYUB","INDIVIDUAL"
618,1,"1970-01-01 00:00:00","2037-12-31 23:59:59",1044,"ODAIR CUNHA","INDIVIDUAL"
619,1,"1970-01-01 00:00:00","2037-12-31 23:59:59",1046,"ODILIO BALBINOTTI","INDIVIDUAL"
620,1,"1970-01-01 00:00:00","2037-12-31 23:59:59",1047,"ODORICO MONTEIRO","INDIVIDUAL"
621,1,"1970-01-01 00:00:00","2037-12-31 23:59:59",1048,"OMAR AZIZ","INDIVIDUAL"
622,1,"1970-01-01 00:00:00","2037-12-31 23:59:59",1050,"ONYX LORENZONI","INDIVIDUAL"
623,1,"1970-01-01 00:00:00","2037-12-31 23:59:59",1051,"ORIOVISTO GUIMARAES","INDIVIDUAL"
624,1,"1970-01-01 00:00:00","2037-12-31 23:59:59",1052,"ORLANDO SILVA","INDIVIDUAL"
625,1,"1970-01-01 00:00:00","2037-12-31 23:59:59",1054,"OSIRES DAMASO","INDIVIDUAL"
626,1,"1970-01-01 00:00:00","2037-12-31 23:59:59",1055,"OSMAR BERTOLDI","INDIVIDUAL"
627,1,"1970-01-01 00:00:00","2037-12-31 23:59:59",1056,"OSMAR DIAS","INDIVIDUAL"
628,1,"1970-01-01 00:00:00","2037-12-31 23:59:59",1058,"OSMAR SERRAGLIO","INDIVIDUAL"
629,1,"1970-01-01 00:00:00","2037-12-31 23:59:59",1059,"OSMAR TERRA","INDIVIDUAL"
630,1,"1970-01-01 00:00:00","2037-12-31 23:59:59",1060,"OSSESIO SILVA","INDIVIDUAL"
631,1,"1970-01-01 00:00:00","2037-12-31 23:59:59",1061,"OSVALDO REIS","INDIVIDUAL"
632,1,"1970-01-01 00:00:00","2037-12-31 23:59:59",1062,"OSVALDO SOBRINHO","INDIVIDUAL"
633,1,"1970-01-01 00:00:00","2037-12-31 23:59:59",1063,"OTACI NASCIMENTO","INDIVIDUAL"
634,1,"1970-01-01 00:00:00","2037-12-31 23:59:59",1064,"OTAVIO LEITE","INDIVIDUAL"
635,1,"1970-01-01 00:00:00","2037-12-31 23:59:59",1065,"OTONI DE PAULA","INDIVIDUAL"
636,1,"1970-01-01 00:00:00","2037-12-31 23:59:59",1066,"OTONIEL LIMA","INDIVIDUAL"
637,1,"1970-01-01 00:00:00","2037-12-31 23:59:59",1067,"OTTO ALENCAR","INDIVIDUAL"
638,1,"1970-01-01 00:00:00","2037-12-31 23:59:59",1068,"OZIEL OLIVEIRA","INDIVIDUAL"
639,1,"1970-01-01 00:00:00","2037-12-31 23:59:59",1069,"PADRE JOAO","INDIVIDUAL"
640,1,"1970-01-01 00:00:00","2037-12-31 23:59:59",1070,"PADRE TON","INDIVIDUAL"
641,1,"1970-01-01 00:00:00","2037-12-31 23:59:59",1071,"PAES LANDIM","INDIVIDUAL"
642,1,"1970-01-01 00:00:00","2037-12-31 23:59:59",1072,"PASTOR EURICO","INDIVIDUAL"
643,1,"1970-01-01 00:00:00","2037-12-31 23:59:59",1073,"PASTOR FRANKLIN","INDIVIDUAL"
644,1,"1970-01-01 00:00:00","2037-12-31 23:59:59",1074,"PASTOR GILDENEMYR","INDIVIDUAL"
645,1,"1970-01-01 00:00:00","2037-12-31 23:59:59",1075,"PASTOR SARGENTO ISIDORIO","INDIVIDUAL"
646,1,"1970-01-01 00:00:00","2037-12-31 23:59:59",1076,"PASTOR VALADARES","INDIVIDUAL"
647,1,"1970-01-01 00:00:00","2037-12-31 23:59:59",1077,"PATRUS ANANIAS","INDIVIDUAL"
648,1,"1970-01-01 00:00:00","2037-12-31 23:59:59",1078,"PAUDERNEY AVELINO","INDIVIDUAL"
649,1,"1970-01-01 00:00:00","2037-12-31 23:59:59",1080,"PAULAO","INDIVIDUAL"
650,1,"1970-01-01 00:00:00","2037-12-31 23:59:59",1087,"PAULO DAVIM","INDIVIDUAL"
651,1,"1970-01-01 00:00:00","2037-12-31 23:59:59",1089,"PAULO EDUARDO MARTINS","INDIVIDUAL"
652,1,"1970-01-01 00:00:00","2037-12-31 23:59:59",1090,"PAULO FEIJO","INDIVIDUAL"
653,1,"1970-01-01 00:00:00","2037-12-31 23:59:59",1093,"PAULO FREIRE COSTA","INDIVIDUAL"
654,1,"1970-01-01 00:00:00","2037-12-31 23:59:59",1094,"PAULO GANIME","INDIVIDUAL"
655,1,"1970-01-01 00:00:00","2037-12-31 23:59:59",1095,"PAULO HENRIQUE LUSTOSA","INDIVIDUAL"
656,1,"1970-01-01 00:00:00","2037-12-31 23:59:59",1096,"PAULO MAGALHAES","INDIVIDUAL"
657,1,"1970-01-01 00:00:00","2037-12-31 23:59:59",1097,"PAULO MALUF","INDIVIDUAL"
658,1,"1970-01-01 00:00:00","2037-12-31 23:59:59",1098,"PAULO PAIM","INDIVIDUAL"
659,1,"1970-01-01 00:00:00","2037-12-31 23:59:59",1099,"PAULO PEREIRA DA SILVA","INDIVIDUAL"
660,1,"1970-01-01 00:00:00","2037-12-31 23:59:59",1100,"PAULO PIAU NOGUEIRA","INDIVIDUAL"
661,1,"1970-01-01 00:00:00","2037-12-31 23:59:59",1101,"PAULO PIMENTA","INDIVIDUAL"
662,1,"1970-01-01 00:00:00","2037-12-31 23:59:59",1102,"PAULO RAMOS","INDIVIDUAL"
663,1,"1970-01-01 00:00:00","2037-12-31 23:59:59",1104,"PAULO RUBEM SANTIAGO","INDIVIDUAL"
664,1,"1970-01-01 00:00:00","2037-12-31 23:59:59",1107,"PEDRO AUGUSTO BEZERRA","INDIVIDUAL"
665,1,"1970-01-01 00:00:00","2037-12-31 23:59:59",1108,"PEDRO AUGUSTO PALARETI","INDIVIDUAL"
666,1,"1970-01-01 00:00:00","2037-12-31 23:59:59",1111,"PEDRO DALUA","INDIVIDUAL"
667,1,"1970-01-01 00:00:00","2037-12-31 23:59:59",1118,"PEDRO PAULO","INDIVIDUAL"
668,1,"1970-01-01 00:00:00","2037-12-31 23:59:59",1119,"PEDRO RODRIGUES","INDIVIDUAL"
669,1,"1970-01-01 00:00:00","2037-12-31 23:59:59",1125,"PEPE VARGAS","INDIVIDUAL"
670,1,"1970-01-01 00:00:00","2037-12-31 23:59:59",1127,"PINHEIRINHO","INDIVIDUAL"
671,1,"1970-01-01 00:00:00","2037-12-31 23:59:59",1128,"PINTO ITAMARATI","INDIVIDUAL"
672,1,"1970-01-01 00:00:00","2037-12-31 23:59:59",1129,"PINTO ITAMARATY","INDIVIDUAL"
673,1,"1970-01-01 00:00:00","2037-12-31 23:59:59",1130,"PLINIO VALERIO","INDIVIDUAL"
674,1,"1970-01-01 00:00:00","2037-12-31 23:59:59",1131,"POLICARPO","INDIVIDUAL"
675,1,"1970-01-01 00:00:00","2037-12-31 23:59:59",1132,"POLICIAL KATIA SASTRE","INDIVIDUAL"
676,1,"1970-01-01 00:00:00","2037-12-31 23:59:59",1133,"POMPEO DE MATTOS","INDIVIDUAL"
677,1,"1970-01-01 00:00:00","2037-12-31 23:59:59",1134,"PR. MARCO FELICIANO","INDIVIDUAL"
678,1,"1970-01-01 00:00:00","2037-12-31 23:59:59",1135,"PROF. PACCO","INDIVIDUAL"
679,1,"1970-01-01 00:00:00","2037-12-31 23:59:59",1136,"PROFESSOR ALCIDES","INDIVIDUAL"
680,1,"1970-01-01 00:00:00","2037-12-31 23:59:59",1137,"PROFESSOR ISRAEL BATISTA","INDIVIDUAL"
681,1,"1970-01-01 00:00:00","2037-12-31 23:59:59",1138,"PROFESSOR JOZIEL","INDIVIDUAL"
682,1,"1970-01-01 00:00:00","2037-12-31 23:59:59",1139,"PROFESSOR LUIZAO GOULART","INDIVIDUAL"
683,1,"1970-01-01 00:00:00","2037-12-31 23:59:59",1140,"PROFESSOR SERGIO DE OLIVEIRA","INDIVIDUAL"
684,1,"1970-01-01 00:00:00","2037-12-31 23:59:59",1143,"PROFESSORA DAYANE PIMENTEL","INDIVIDUAL"
685,1,"1970-01-01 00:00:00","2037-12-31 23:59:59",1144,"PROFESSORA DORINHA SEABRA REZENDE","INDIVIDUAL"
686,1,"1970-01-01 00:00:00","2037-12-31 23:59:59",1146,"PROFESSORA ROSA NEIDE","INDIVIDUAL"
687,1,"1970-01-01 00:00:00","2037-12-31 23:59:59",1148,"RAIMUNDO COSTA","INDIVIDUAL"
688,1,"1970-01-01 00:00:00","2037-12-31 23:59:59",1153,"RAQUEL MUNIZ","INDIVIDUAL"
689,1,"1970-01-01 00:00:00","2037-12-31 23:59:59",1154,"RATINHO JUNIOR","INDIVIDUAL"
690,1,"1970-01-01 00:00:00","2037-12-31 23:59:59",1156,"RAUL JUNGMANN","INDIVIDUAL"
691,1,"1970-01-01 00:00:00","2037-12-31 23:59:59",1157,"RAUL LIMA","INDIVIDUAL"
692,1,"1970-01-01 00:00:00","2037-12-31 23:59:59",1159,"REGINA SOUSA","INDIVIDUAL"
693,1,"1970-01-01 00:00:00","2037-12-31 23:59:59",1162,"REGIS FICHTNER","INDIVIDUAL"
694,1,"1970-01-01 00:00:00","2037-12-31 23:59:59",1164,"REINALDO AZAMBUJA","INDIVIDUAL"
695,1,"1970-01-01 00:00:00","2037-12-31 23:59:59",1165,"REINHOLD STEPHANES JUNIOR","INDIVIDUAL"
696,1,"1970-01-01 00:00:00","2037-12-31 23:59:59",1166,"REJANE DIAS","INDIVIDUAL"
697,1,"1970-01-01 00:00:00","2037-12-31 23:59:59",1167,"RELATOR GERAL","RELATOR GERAL"
698,1,"1970-01-01 00:00:00","2037-12-31 23:59:59",1170,"RENAN FILHO","INDIVIDUAL"
699,1,"1970-01-01 00:00:00","2037-12-31 23:59:59",1172,"RENATO ANDRADE","INDIVIDUAL"
700,1,"1970-01-01 00:00:00","2037-12-31 23:59:59",1174,"RENATO FAUVEL AMARY","INDIVIDUAL"
701,1,"1970-01-01 00:00:00","2037-12-31 23:59:59",1175,"RENATO MOLLING","INDIVIDUAL"
702,1,"1970-01-01 00:00:00","2037-12-31 23:59:59",1176,"RENATO SIMOES","INDIVIDUAL"
703,1,"1970-01-01 00:00:00","2037-12-31 23:59:59",1177,"RENILDO CALHEIROS","INDIVIDUAL"
704,1,"1970-01-01 00:00:00","2037-12-31 23:59:59",1182,"RICARDO BERZOINI","INDIVIDUAL"
705,1,"1970-01-01 00:00:00","2037-12-31 23:59:59",1183,"RICARDO DA KAROL","INDIVIDUAL"
706,1,"1970-01-01 00:00:00","2037-12-31 23:59:59",1184,"RICARDO FERRACO","INDIVIDUAL"
707,1,"1970-01-01 00:00:00","2037-12-31 23:59:59",1186,"RICARDO IZAR","INDIVIDUAL"
708,1,"1970-01-01 00:00:00","2037-12-31 23:59:59",1188,"RICARDO TEOBALDO","INDIVIDUAL"
709,1,"1970-01-01 00:00:00","2037-12-31 23:59:59",1189,"RICARDO TRIPOLI","INDIVIDUAL"
710,1,"1970-01-01 00:00:00","2037-12-31 23:59:59",1190,"ROBERIO MONTEIRO","INDIVIDUAL"
711,1,"1970-01-01 00:00:00","2037-12-31 23:59:59",1191,"ROBERTO ALVES","INDIVIDUAL"
712,1,"1970-01-01 00:00:00","2037-12-31 23:59:59",1193,"ROBERTO BRITTO","INDIVIDUAL"
713,1,"1970-01-01 00:00:00","2037-12-31 23:59:59",1194,"ROBERTO CAVALCANTI DA PARAIBA","INDIVIDUAL"
714,1,"1970-01-01 00:00:00","2037-12-31 23:59:59",1200,"ROBERTO MUNIZ","INDIVIDUAL"
715,1,"1970-01-01 00:00:00","2037-12-31 23:59:59",1202,"ROBERTO REQUIAO","INDIVIDUAL"
716,1,"1970-01-01 00:00:00","2037-12-31 23:59:59",1203,"ROBERTO ROCHA","INDIVIDUAL"
717,1,"1970-01-01 00:00:00","2037-12-31 23:59:59",1205,"ROBERTO SANTIAGO","INDIVIDUAL"
718,1,"1970-01-01 00:00:00","2037-12-31 23:59:59",1207,"ROCHA","INDIVIDUAL"
719,1,"1970-01-01 00:00:00","2037-12-31 23:59:59",1208,"RODRIGO AGOSTINHO","INDIVIDUAL"
720,1,"1970-01-01 00:00:00","2037-12-31 23:59:59",1210,"RODRIGO COELHO","INDIVIDUAL"
721,1,"1970-01-01 00:00:00","2037-12-31 23:59:59",1211,"RODRIGO CUNHA","INDIVIDUAL"
722,1,"1970-01-01 00:00:00","2037-12-31 23:59:59",1213,"RODRIGO GARCIA","INDIVIDUAL"
723,1,"1970-01-01 00:00:00","2037-12-31 23:59:59",1215,"RODRIGO MARTINS","INDIVIDUAL"
724,1,"1970-01-01 00:00:00","2037-12-31 23:59:59",1217,"RODRIGO ROCHA LOURES","INDIVIDUAL"
725,1,"1970-01-01 00:00:00","2037-12-31 23:59:59",1221,"ROGERIO MARINHO","INDIVIDUAL"
726,1,"1970-01-01 00:00:00","2037-12-31 23:59:59",1222,"ROGERIO PENINHA MENDONCA","INDIVIDUAL"
727,1,"1970-01-01 00:00:00","2037-12-31 23:59:59",1223,"ROGERIO ROSSO","INDIVIDUAL"
728,1,"1970-01-01 00:00:00","2037-12-31 23:59:59",1225,"ROMARIO","INDIVIDUAL"
729,1,"1970-01-01 00:00:00","2037-12-31 23:59:59",1228,"ROMEU TUMA","INDIVIDUAL"
730,1,"1970-01-01 00:00:00","2037-12-31 23:59:59",1231,"RONALDO CAIADO","INDIVIDUAL"
731,1,"1970-01-01 00:00:00","2037-12-31 23:59:59",1233,"RONALDO FONSECA","INDIVIDUAL"
732,1,"1970-01-01 00:00:00","2037-12-31 23:59:59",1234,"RONALDO LESSA","INDIVIDUAL"
733,1,"1970-01-01 00:00:00","2037-12-31 23:59:59",1236,"RONALDO NOGUEIRA","INDIVIDUAL"
734,1,"1970-01-01 00:00:00","2037-12-31 23:59:59",1237,"RONALDO ZULKE","INDIVIDUAL"
735,1,"1970-01-01 00:00:00","2037-12-31 23:59:59",1240,"ROSANE FERREIRA","INDIVIDUAL"
736,1,"1970-01-01 00:00:00","2037-12-31 23:59:59",1241,"ROSANGELA CURADO","INDIVIDUAL"
737,1,"1970-01-01 00:00:00","2037-12-31 23:59:59",1242,"ROSANGELA GOMES","INDIVIDUAL"
738,1,"1970-01-01 00:00:00","2037-12-31 23:59:59",1244,"ROSE MODESTO","INDIVIDUAL"
739,1,"1970-01-01 00:00:00","2037-12-31 23:59:59",1245,"ROSINHA DA ADEFAL","INDIVIDUAL"
740,1,"1970-01-01 00:00:00","2037-12-31 23:59:59",1249,"RUBENS OTONI","INDIVIDUAL"
741,1,"1970-01-01 00:00:00","2037-12-31 23:59:59",1250,"RUBENS PEREIRA JUNIOR","INDIVIDUAL"
742,1,"1970-01-01 00:00:00","2037-12-31 23:59:59",1251,"RUI COSTA","INDIVIDUAL"
743,1,"1970-01-01 00:00:00","2037-12-31 23:59:59",1252,"RUI FALCAO","INDIVIDUAL"
744,1,"1970-01-01 00:00:00","2037-12-31 23:59:59",1253,"RUI PALMEIRA","INDIVIDUAL"
745,1,"1970-01-01 00:00:00","2037-12-31 23:59:59",1254,"RUY CARNEIRO","INDIVIDUAL"
746,1,"1970-01-01 00:00:00","2037-12-31 23:59:59",1256,"SAGUAS MORAES","INDIVIDUAL"
747,1,"1970-01-01 00:00:00","2037-12-31 23:59:59",1259,"SAMUEL MOREIRA","INDIVIDUAL"
748,1,"1970-01-01 00:00:00","2037-12-31 23:59:59",1260,"SANDES JUNIOR","INDIVIDUAL"
749,1,"1970-01-01 00:00:00","2037-12-31 23:59:59",1262,"SANDRA ROSADO","INDIVIDUAL"
750,1,"1970-01-01 00:00:00","2037-12-31 23:59:59",1268,"SCHIAVINATO","INDIVIDUAL"
751,1,"1970-01-01 00:00:00","2037-12-31 23:59:59",1269,"SEBASTIAO BALA ROCHA","INDIVIDUAL"
752,1,"1970-01-01 00:00:00","2037-12-31 23:59:59",1270,"SEBASTIAO OLIVEIRA","INDIVIDUAL"
753,1,"1970-01-01 00:00:00","2037-12-31 23:59:59",1271,"SELMA ARRUDA","INDIVIDUAL"
754,1,"1970-01-01 00:00:00","2037-12-31 23:59:59",1272,"SERGIO BRITO","INDIVIDUAL"
755,1,"1970-01-01 00:00:00","2037-12-31 23:59:59",1273,"SERGIO GUERRA","INDIVIDUAL"
756,1,"1970-01-01 00:00:00","2037-12-31 23:59:59",1279,"SERGIO VIDIGAL","INDIVIDUAL"
757,1,"1970-01-01 00:00:00","2037-12-31 23:59:59",1280,"SERGIO ZAMBIASI","INDIVIDUAL"
758,1,"1970-01-01 00:00:00","2037-12-31 23:59:59",1281,"SERGIO ZVEITER","INDIVIDUAL"
759,1,"1970-01-01 00:00:00","2037-12-31 23:59:59",1283,"SEVERINO NINHO","INDIVIDUAL"
760,1,"1970-01-01 00:00:00","2037-12-31 23:59:59",1284,"SEVERINO PESSOA","INDIVIDUAL"
761,1,"1970-01-01 00:00:00","2037-12-31 23:59:59",1285,"SHERIDAN","INDIVIDUAL"
762,1,"1970-01-01 00:00:00","2037-12-31 23:59:59",1286,"SIBA MACHADO","INDIVIDUAL"
763,1,"1970-01-01 00:00:00","2037-12-31 23:59:59",1288,"SILAS BRASILEIRO","INDIVIDUAL"
764,1,"1970-01-01 00:00:00","2037-12-31 23:59:59",1289,"SILAS CAMARA","INDIVIDUAL"
765,1,"1970-01-01 00:00:00","2037-12-31 23:59:59",1290,"SILAS FREIRE","INDIVIDUAL"
766,1,"1970-01-01 00:00:00","2037-12-31 23:59:59",1291,"SILVIA CRISTINA","INDIVIDUAL"
767,1,"1970-01-01 00:00:00","2037-12-31 23:59:59",1292,"SILVIO COSTA","INDIVIDUAL"
768,1,"1970-01-01 00:00:00","2037-12-31 23:59:59",1293,"SILVIO COSTA FILHO","INDIVIDUAL"
769,1,"1970-01-01 00:00:00","2037-12-31 23:59:59",1295,"SIMAO SESSIM","INDIVIDUAL"
770,1,"1970-01-01 00:00:00","2037-12-31 23:59:59",1296,"SIMONE MORGADO","INDIVIDUAL"
771,1,"1970-01-01 00:00:00","2037-12-31 23:59:59",1299,"SOLANGE ALMEIDA","INDIVIDUAL"
772,1,"1970-01-01 00:00:00","2037-12-31 23:59:59",1301,"SORAYA SANTOS","INDIVIDUAL"
773,1,"1970-01-01 00:00:00","2037-12-31 23:59:59",1307,"SUBTENENTE GONZAGA","INDIVIDUAL"
774,1,"1970-01-01 00:00:00","2037-12-31 23:59:59",1308,"SUELI VIDIGAL","INDIVIDUAL"
775,1,"1970-01-01 00:00:00","2037-12-31 23:59:59",1311,"TAKAYAMA","INDIVIDUAL"
776,1,"1970-01-01 00:00:00","2037-12-31 23:59:59",1312,"TALIRIA PETRONE","INDIVIDUAL"
777,1,"1970-01-01 00:00:00","2037-12-31 23:59:59",1315,"TASSO JEREISSATI","INDIVIDUAL"
778,1,"1970-01-01 00:00:00","2037-12-31 23:59:59",1316,"TAUMATURGO LIMA","INDIVIDUAL"
779,1,"1970-01-01 00:00:00","2037-12-31 23:59:59",1317,"TED CONTI","INDIVIDUAL"
780,1,"1970-01-01 00:00:00","2037-12-31 23:59:59",1318,"TELMARIO MOTA","INDIVIDUAL"
781,1,"1970-01-01 00:00:00","2037-12-31 23:59:59",1319,"TENENTE LUCIO","INDIVIDUAL"
782,1,"1970-01-01 00:00:00","2037-12-31 23:59:59",1321,"TEREZA CRISTINA","INDIVIDUAL"
783,1,"1970-01-01 00:00:00","2037-12-31 23:59:59",1322,"TEREZA NELMA","INDIVIDUAL"
784,1,"1970-01-01 00:00:00","2037-12-31 23:59:59",1323,"THELMA DE OLIVEIRA","INDIVIDUAL"
785,1,"1970-01-01 00:00:00","2037-12-31 23:59:59",1324,"THEMISTOCLES SAMPAIO","INDIVIDUAL"
786,1,"1970-01-01 00:00:00","2037-12-31 23:59:59",1326,"TIA ERON","INDIVIDUAL"
787,1,"1970-01-01 00:00:00","2037-12-31 23:59:59",1328,"TIAGO MITRAUD","INDIVIDUAL"
788,1,"1970-01-01 00:00:00","2037-12-31 23:59:59",1330,"TIRIRICA","INDIVIDUAL"
789,1,"1970-01-01 00:00:00","2037-12-31 23:59:59",1331,"TITO","INDIVIDUAL"
790,1,"1970-01-01 00:00:00","2037-12-31 23:59:59",1332,"TONHA MAGALHAES","INDIVIDUAL"
791,1,"1970-01-01 00:00:00","2037-12-31 23:59:59",1333,"TONINHO PINHEIRO","INDIVIDUAL"
792,1,"1970-01-01 00:00:00","2037-12-31 23:59:59",1334,"TONINHO WANDSCHEER","INDIVIDUAL"
793,1,"1970-01-01 00:00:00","2037-12-31 23:59:59",1335,"TULIO GADELHA","INDIVIDUAL"
794,1,"1970-01-01 00:00:00","2037-12-31 23:59:59",1337,"ULDURICO JUNIOR","INDIVIDUAL"
795,1,"1970-01-01 00:00:00","2037-12-31 23:59:59",1338,"URZENI ROCHA","INDIVIDUAL"
796,1,"1970-01-01 00:00:00","2037-12-31 23:59:59",1339,"VAIDON OLIVEIRA","INDIVIDUAL"
797,1,"1970-01-01 00:00:00","2037-12-31 23:59:59",1346,"VALMIR PRASCIDELLI","INDIVIDUAL"
798,1,"1970-01-01 00:00:00","2037-12-31 23:59:59",1347,"VALTENIR PEREIRA","INDIVIDUAL"
799,1,"1970-01-01 00:00:00","2037-12-31 23:59:59",1348,"VALTER PEREIRA","INDIVIDUAL"
800,1,"1970-01-01 00:00:00","2037-12-31 23:59:59",1349,"VANDER LOUBET","INDIVIDUAL"
801,1,"1970-01-01 00:00:00","2037-12-31 23:59:59",1350,"VANDERLAN CARDOSO","INDIVIDUAL"
802,1,"1970-01-01 00:00:00","2037-12-31 23:59:59",1351,"VANDERLEI MACRIS","INDIVIDUAL"
803,1,"1970-01-01 00:00:00","2037-12-31 23:59:59",1352,"VANDERLEI SIRAQUE","INDIVIDUAL"
804,1,"1970-01-01 00:00:00","2037-12-31 23:59:59",1357,"VERMELHO","INDIVIDUAL"
805,1,"1970-01-01 00:00:00","2037-12-31 23:59:59",1359,"VICENTE ARRUDA","INDIVIDUAL"
806,1,"1970-01-01 00:00:00","2037-12-31 23:59:59",1362,"VICENTINHO ALVES","INDIVIDUAL"
807,1,"1970-01-01 00:00:00","2037-12-31 23:59:59",1363,"VICENTINHO JUNIOR","INDIVIDUAL"
808,1,"1970-01-01 00:00:00","2037-12-31 23:59:59",1364,"VICTOR MENDES","INDIVIDUAL"
809,1,"1970-01-01 00:00:00","2037-12-31 23:59:59",1366,"VILALBA","INDIVIDUAL"
810,1,"1970-01-01 00:00:00","2037-12-31 23:59:59",1367,"VILMAR ROCHA","INDIVIDUAL"
811,1,"1970-01-01 00:00:00","2037-12-31 23:59:59",1368,"VILSON COVATTI","INDIVIDUAL"
812,1,"1970-01-01 00:00:00","2037-12-31 23:59:59",1369,"VILSON DA FETAEMG","INDIVIDUAL"
813,1,"1970-01-01 00:00:00","2037-12-31 23:59:59",1370,"VINICIUS CARVALHO","INDIVIDUAL"
814,1,"1970-01-01 00:00:00","2037-12-31 23:59:59",1371,"VINICIUS FARAH","INDIVIDUAL"
815,1,"1970-01-01 00:00:00","2037-12-31 23:59:59",1373,"VINICIUS POIT","INDIVIDUAL"
816,1,"1970-01-01 00:00:00","2037-12-31 23:59:59",1374,"VIRGINIO DE CARVALHO","INDIVIDUAL"
817,1,"1970-01-01 00:00:00","2037-12-31 23:59:59",1378,"VITOR PENIDO","INDIVIDUAL"
818,1,"1970-01-01 00:00:00","2037-12-31 23:59:59",1379,"VITOR VALIM","INDIVIDUAL"
819,1,"1970-01-01 00:00:00","2037-12-31 23:59:59",1382,"WADSON RIBEIRO","INDIVIDUAL"
820,1,"1970-01-01 00:00:00","2037-12-31 23:59:59",1383,"WALDEMIR MOKA","INDIVIDUAL"
821,1,"1970-01-01 00:00:00","2037-12-31 23:59:59",1385,"WALDIR MARANHAO","INDIVIDUAL"
822,1,"1970-01-01 00:00:00","2037-12-31 23:59:59",1386,"WALNEY ROCHA","INDIVIDUAL"
823,1,"1970-01-01 00:00:00","2037-12-31 23:59:59",1387,"WALTER ALVES","INDIVIDUAL"
824,1,"1970-01-01 00:00:00","2037-12-31 23:59:59",1388,"WALTER FELDMAN","INDIVIDUAL"
825,1,"1970-01-01 00:00:00","2037-12-31 23:59:59",1389,"WALTER IHOSHI","INDIVIDUAL"
826,1,"1970-01-01 00:00:00","2037-12-31 23:59:59",1390,"WALTER PINHEIRO","INDIVIDUAL"
827,1,"1970-01-01 00:00:00","2037-12-31 23:59:59",1391,"WALTER TOSTA","INDIVIDUAL"
828,1,"1970-01-01 00:00:00","2037-12-31 23:59:59",1392,"WANDENKOLK GONCALVES","INDIVIDUAL"
829,1,"1970-01-01 00:00:00","2037-12-31 23:59:59",1393,"WASHINGTON REIS","INDIVIDUAL"
830,1,"1970-01-01 00:00:00","2037-12-31 23:59:59",1394,"WELITON PRADO","INDIVIDUAL"
831,1,"1970-01-01 00:00:00","2037-12-31 23:59:59",1396,"WELLINGTON FAGUNDES","INDIVIDUAL"
832,1,"1970-01-01 00:00:00","2037-12-31 23:59:59",1397,"WELLINGTON ROBERTO","INDIVIDUAL"
833,1,"1970-01-01 00:00:00","2037-12-31 23:59:59",1398,"WEVERTON","INDIVIDUAL"
834,1,"1970-01-01 00:00:00","2037-12-31 23:59:59",1399,"WEVERTON ROCHA","INDIVIDUAL"
835,1,"1970-01-01 00:00:00","2037-12-31 23:59:59",1400,"WILDER MORAIS","INDIVIDUAL"
836,1,"1970-01-01 00:00:00","2037-12-31 23:59:59",1403,"WILSON BESERRA","INDIVIDUAL"
837,1,"1970-01-01 00:00:00","2037-12-31 23:59:59",1405,"WILSON FILHO","INDIVIDUAL"
838,1,"1970-01-01 00:00:00","2037-12-31 23:59:59",1407,"WILSON SANTIAGO","INDIVIDUAL"
839,1,"1970-01-01 00:00:00","2037-12-31 23:59:59",1409,"WLADIMIR GAROTINHO","INDIVIDUAL"
840,1,"1970-01-01 00:00:00","2037-12-31 23:59:59",1411,"YEDA CRUSIUS","INDIVIDUAL"
841,1,"1970-01-01 00:00:00","2037-12-31 23:59:59",1412,"ZE AUGUSTO NALIN","INDIVIDUAL"
842,1,"1970-01-01 00:00:00","2037-12-31 23:59:59",1413,"ZE CARLOS","INDIVIDUAL"
843,1,"1970-01-01 00:00:00","2037-12-31 23:59:59",1415,"ZE NETO","INDIVIDUAL"
844,1,"1970-01-01 00:00:00","2037-12-31 23:59:59",1417,"ZE VIEIRA","INDIVIDUAL"
845,1,"1970-01-01 00:00:00","2037-12-31 23:59:59",1419,"ZECA CAVALCANTI","INDIVIDUAL"
846,1,"1970-01-01 00:00:00","2037-12-31 23:59:59",1421,"ZECA DO PT","INDIVIDUAL"
847,1,"1970-01-01 00:00:00","2037-12-31 23:59:59",1426,"ZOINHO","INDIVIDUAL"
